root	deva	gana	voice	voice_attested	aupadeshika_guess	artha_guess	mw_meaning	attested	note	mw_id
amb	अम्ब्	1	P. Ā.	P. Ā.	amba~^	gatO	to go, : cl. 1. Ā. , to sound	ambati|ambate		14390
aMh	अंह्	1	Ā.	P.	aMha~\	gatO	to go, set out, commence	aMhayati	voice cp=Ā. vs attested=P.	107
and	अन्द्	1	P.	P.	anda~	banDane	to bind	andati		8399
aNg	अङ्ग्	1	P.	P.	aNga~	gatO	to go	aNgayati|aNk		1492
aNG	अङ्घ्	1	Ā.		aNGa~\	gatO	to go, set out, set about, commence			1752
aNk	अङ्क्	1	Ā.	P.	aNka~\	gatO	to move in a curve	aNkayati	voice cp=Ā. vs attested=P.	1408
ant	अन्त्	1	P.	P.	anta~	banDane	to bind, (cf. √ , .)	antati|and|Int		7900
anUnnI	अनून्नी	1	P.		anUnnI	grahaRe	to take out and fill after another,;	-nayati		7739
anviz	अन्विष्	1	P.	P.	anviza~		to desire, seek, seek after, search, aim at, &c.: cl. 4. P. id., &c., Caus. id.,	-icCati|-izyati|-ezayati		8906
arG	अर्घ्	1	P.		arGa~		to be worth, be of value	arh		15682.1
arT	अर्थ्	1	Ā.	Ā.	arTa~\	prayatne	rarely cl. 1. Ā. (1. pl. , ) to strive to obtain, desire, wish, request, ask for	arTAmahe		15839
aRW	अण्ठ्	1	Ā.	Ā.	aRWa~\	gatO	to go, move, tend	aRWate|AnaRWe|aRWitum		2447
bamb	बम्ब्	1	P.	P.	bamba~	gatO	to go	bambati		142890
baMh	बंह्	1	Ā.	Ā.	baMha~\	vfdDO	to grow, increase	baMhayate|bahala|bahu|bahula		142296
band	बन्द्	1	P.	P.	banda~		or , to be firm or steady, (cf. √ ).	badati|bandati|pad|bad		142418.1
banD	बन्ध्	1	P. Ā.	P. Ā.	banDa~^	banDane	to bind, tie, fix, fasten, chain, fetter, &c. &c.	baDyate|°ti|banDayati|ababanDat|bADayati		142512
Band	भन्द्	1	Ā.	P.	Banda~\	dIptO	to be greeted with praise, receive applause, ( also = to be or make fortunate or	Bandayati	voice cp=Ā. vs attested=P.	148252
BarB	भर्भ्	1	P.	P.	BarBa~	hiMsAyAm	to hurt, injure	Barbati|BarBati		148914.1
BaRq	भण्ड्	1	Ā.	P.	BaRqa~\		to reprove	BaRqati|°qayati|kalyARe|Sive|Band	voice cp=Ā. vs attested=P.	148198
Barts	भर्त्स्	1		P. Ā.	Bartsa~^		() (really P. and once Ā. p. ,]; rarely cl. 1. ; fut.], prob. w.r.; Pass. ,), to	Bartsayate|Bartsayati|°sayamAna|Bartsati|BartsyAmi		148908
baW	बठ्	1	P.		baWa~		to be big or fat			185255.1
beh	बेह्	1	P. Ā.		beha~^	karaRe	to strive, make effort	vehati|vehAya		206538.1
beS	बेश्	1	P.	P.	beSa~	gatO	to go (= √ , )	beSati|pis|pes		146448
Bfkz	भृक्ष्	1	P. Ā.	P.	Bfkza~^	BakzaRe	P. or , , to eat, (v.l. for ).	Bfkzati|Brakzati|°te|Bakz	voice cp=P. Ā. vs attested=P.	152549
bfMh	बृंह्	1	P.	P.	bfMha~	vfdDO	to be thick, grow great or strong, increase (the finite verb only with a prep.)	bfMhayati|°te|vf°|barhayati|sam-√ bfh		146037.1
bfMh	बृंह्	1	P. Ā.		bfMha~^	Sabde	to roar, bellow, trumpet (said of an elephant), ; &c.			146435.1
BfMS	भृंश्	1		P.	BfMSa~	BAzAyAm	to speak or to shine	BfMSati|°Sayati		152547
BI	भी	1	Ā.	P. Ā.	BI\	Baye	to fear, be afraid of (abl. or gen., rarely instr. or acc.), &c. &c.	BIyate|aBAyi|BIzayate|BIzayati|Biz°	voice cp=Ā. vs attested=P. Ā.	150969
bIB	बीभ्	1	Ā.	Ā.	bIBa~\		to boast, ( ).	bIBate|cIB		145517
bind	बिन्द्	1	P.	P.	binda~	Cedane	(cf. ) cl. 1. P. , to cleave, split, (perhaps invented on account of the followi	Bid|bindati		145129.1
biS	बिश्	1	P.	P.	biSa~	gatO	to go, (= √ , q.v.)	beSati|pis		145348
brahm	ब्रह्म्	1	P.	P.	brahma~	gatO	to go, move	brahmati		146545
BraS	भ्रश्	1	P. Ā.	P. Ā.	BraSi~^	patane	to fall, drop, fall down or out or in pieces, &c. &c.	BraMSayati|BrASayati|BrASya|ni-√ BraMS|abaBraMSat	attested has nasal → i~ (idit)	153448.1
BrAs	भ्रास्	1		P. Ā.	BrAsa~^	dIptO	to shine, glitter	BrASayati|abaBrASat|abiBraSat|biBrASizate|bABrASyate		153761.1
bud	बुद्	1	P. Ā.	P.	buda~^	jYAne	P. , , to perceive, learn, (cf. and )	bodati|°te|bund|buD	voice cp=P. Ā. vs attested=P.	145558
buNg	बुङ्ग्	1	P.	P.	buNga~	varjane	to forsake, abandon	buNgati		145554
BuRq	भुण्ड्	1	Ā.		BuRqa~\		to support	huRq		151430
buw	बुट्	1		P.	buwa~	hiMsAyAm	to hurt, kill, ()	bowati|bowayati		145555
Cad	छद्	1		P.	Cada~	saMvaraRe	to cover, (v.l.)	CAdayati|Cad°|Cand°|CAdayAM cakre|°yAna		75390
Cad	छद्	1	Ā.	P.	Cadi~\		to seem, appear, be considered as	Candayati|vareRa	attested has nasal → i~ (idit); voice cp=Ā. vs attested=P.	75556
Cad	छद्	1			Cada~	pAlane	to nourish			75683
cakAs	चकास्	1	Ā.	P.	cakAsa~\	dIptO	to shine, be bright	cakAsayati|acacakAsat|acIc°	voice cp=Ā. vs attested=P.	70306
camb	चम्ब्	1			camba~	gatO	to go	°bati		72168
cand	चन्द्	1			canda~	dIptO	to shine, be bright			71529
Cand	छन्द्	1	Ā.	P.	Canda~\		to seem, appear, be considered as	Candayati|vareRa	voice cp=Ā. vs attested=P.	75556.1
carG	चर्घ्	1			carGa~	gatO	to go	°Gati		72400
caRq	चण्ड्	1			caRqa~		(derived fr. ) cl. 1. 10. Ā. , , to be angry or wrathful	caRqa|°Rqate|°Rqayate		70904
Cfd	छृद्	1	Ā.	P.	Cfda~\		to vomit	Cfntte|Cardati|°rpati|Cardayati|°rpay°	voice cp=Ā. vs attested=P.	76102
cfp	चृप्	1			cfpa~		v.l. for √	Cfd		74889
Cfp	छृप्	1			Cfpa~		v.l. for √ , q.v.	Cfd		76123
cft	चृत्	1		P.	cfta~	banDane	to tie	cartati|Cfd|cartayati|cicftsati|°cartizati		74888
ci	चि	1			ci		to detest, hate (), and			73366
cIb	चीब्	1		P.	cIba~	darSane	See √ .	cIv|cIvara|cIvayati		74452
cIk	चीक्	1			cIka~		(=√ ) cl. 1. 10. to endure (√ vv.ll. and )	sIk|mfz|A-√ mfz|-√ mfS		74413
cint	चिन्त्	1			cinta~	cintAyAm	to think, have a thought or idea, reflect, consider, ; &c.	prati		74105
cud	चुद्	1	Ā.	P.	cuda~\	preraRe	to impel, incite, animate	codayati|°te|°yAsi|°yAse|acUcudat	voice cp=Ā. vs attested=P.	74573
culump	चुलुम्प्	1			culumpa~		(pf. ,, Vārtt.,) = √ , or	°pati|°pAM cakAra|lul|lup		74694
cumb	चुम्ब्	1	Ā.	P.	cumba~\		to kiss, ; &c.	cumbayati	voice cp=Ā. vs attested=P.	74627
cur	चुर्	1		P.	cura~	steye	to steal, ; &c.	cUrayAmi		74646
cuRq	चुण्ड्	1		P.	cuRqa~	Cedane	(and , ), cl. 6. 10. (), (, ), to split, cut off, : cl. 1. (, ), to become small	cuRw|cuRq|cuwati|cuRw°|cowayati		74558.02
cuRw	चुण्ट्	1		P.	cuRwa~	Cedane	(and , ), cl. 6. 10. (), (, ), to split, cut off, : cl. 1. (, ), to become small	cuRw|cuRq|cuwati|cuRw°|cowayati		74558.01
DA	धा	1	P. Ā.	P. Ā.	DA^		rarely cl. 1. Ā. P.	daDati|°te|DAti|DAyeta|daDO		100607
daB	दभ्	1		P. Ā.	daBi~^	hiMsAyAm	to hurt, injure, destroy	dameBayat|°yas|°ya|damBayati|dAB°	attested has nasal → i~ (idit)	90227
Dam	धम्	1	P. Ā.	P. Ā.	Dama~^		to blow (either intrans. as wind or trans. as, to blow a conch-shell or any wind	Damyate|°ti|DmAyate|°ti|DmApayati		99700
damB	दम्भ्	1		P. Ā.	damBa~^	hiMsAyAm	to hurt, injure, destroy	damBayat|°yas|°ya|damBayati|dAB°		90227.1
daMs	दंस्	1	P.		daMsa~		and cl. 10. Ā. (fr. Prākṛt daṃse) to show, 2 f.			89230.1
daMs	दंस्	1	P.		daMsa~	Bedane	to destroy (?)	daMS		89296
daNG	दङ्घ्	1			daNGa~		to keep off (derived fr. )	daG		89568
danv	दन्व्	1	P.		danva~	gatO	to go			90226
Danv	धन्व्	1	P. Ā.		Danva~^	kzaraRe	to run or flow	Dan|Dav|DAv		99639
das	दस्	1			dasa~		to suffer want, become exhausted, ()	upa-√ kzip|°saye|°sayanta|apa-|upa-		91129
dAy	दाय्	1	Ā.	Ā.	dAya~\	dAne	() to give.	dAyate		91644
dfB	दृभ्	1		P.	dfBa~	Baye	and , to fear, be afraid	darBati|darBayati		95254
dfMh	दृंह्	1	P. Ā.	P. Ā.	dfMha~^	karaRe	to make firm, fix, strengthen, ; ; &c. (p. , )	°te|dfMheTe|dfMhAmahE|dfhya|°hyasva		95068
DfYj	धृञ्ज्	1	P.	P.	DfYja~	gatO	to go, move, (cf. √ , ).	Darjati|DfYjati|Draj|Drij		101932.1
Dfz	धृष्	1	P.	P. Ā.	Dfza~		; (p. , , ; , ; perf. , &c. &c.; 3. pl. , ; Subj. , , , ; , , ; p. , ; aor. , , 	Darzati|Dfzat|°zamARa|°zARa|daDarza	voice cp=P. vs attested=P. Ā.	101933
DIkz	धीक्ष्	1	Ā.	Ā.	DIkza~\		(Desid. of √ ) cl. 1. Ā. , to wish to anoint	dih|Dikzate		101320
dinv	दिन्व्	1	P.	P.	dinva~		to gladden	dinvati		92215
dip	दिप्	1	Ā.	Ā.	dipa~\		(v.l. ).	depate|tip		92216
DrA	ध्रा	1	P.	P.	DrA	gatO	or , &c. to go	DrAti|Drati|Drayati		102267
DrAj	ध्राज्	1	P. Ā.	P.	DrAja~^	gatO	(;, &c.) , ( or Gr.; p. Ā. ,; aor. Pot. Ā. ,) to move, go, glide, fly, sweep on.	Drajati|DraYjati|DfYjati|DrAjamAna|DrAjizIya	voice cp=P. Ā. vs attested=P.	102255.2
drANkz	द्राङ्क्ष्	1	P.		drANkza~	BAzAyAm	to utter a discordant sound, croak or caw	DrANkz		97785
DraYj	ध्रञ्ज्	1	P. Ā.	P.	DraYja~^	gatO	(;, &c.) , ( or Gr.; p. Ā. ,; aor. Pot. Ā. ,) to move, go, glide, fly, sweep on.	Drajati|DraYjati|DfYjati|DrAjamAna|DrAjizIya	voice cp=P. Ā. vs attested=P.	102255.1
Drij	ध्रिज्	1	P.		Drija~	gatO	to go, move, ()	Draj|Dfj		102278
drumm	द्रुम्म्	1	P.	P.	drumma~	gatO	to go	drummati		97950
druq	द्रुड्	1		P.	druqa~	kzaye	and , to sink, perish, (v.l.).	droqati|druqati		97945
drUq	द्रूड्	1		P.	drUqa~	gatO	(), to go	drUqati|°Lati		97991
dU	दू	1	P.	P.	dU	gatO	to go	dAvayati|davayati|davizARi|na d° eBih		93281.1
DU	धू	1	P.	P. Ā.	DU		&c. &c.	Dunoti|°nute|Duvati|ni-|DUvet	voice cp=P. vs attested=P. Ā.	101481
duD	दुध्	1	P.		duDa~	hiMsAyAm	to be angry, hurt, injure	doDat		93568
DUrv	धूर्व्	1	P.	P.	DUrva~	hiMsAyAm	() cl. 1. P. ,;; (aor. ,; inf. ,; pf. ; fut. , Gr.) to bend, cause to fall, hurt	DUrvati|aDUrvIt|DUrvitum|duDUrva|DUrvizyati		101761
DvANkz	ध्वाङ्क्ष्	1	P.		DvANkza~	BAzAyAm	to utter the cry of birds, to caw, croak, &c.	DmANkz|DrANkz		102567
DvaYj	ध्वञ्ज्	1	P.	P.	DvaYja~	gatO	to go, move,; (prob. Nom. fr. next).	Dvajati|DvaYjati		102415.1
DvraR	ध्व्रण्	1	P.	P.	DvraRa~	Sabde	to sound, (v.r. for ).	DvraRati|DraR		102616
fYj	ऋञ्ज्	1	Ā.	Ā.	fYja~\		&c., to fry	fYjate|fYjAM-cakre|fYjitA		38847
fz	ऋष्	1	P.		fza~	gatO	to flow, flow quickly, glide, move with a quick motion			39001
gamb	गम्ब्	1	P.		gamba~	gatO	to go or move	°bati		63674
Gamb	घम्ब्	1	Ā.		Gamba~\	gatO	to go, move, () (cf. √ .)	°bate|Garb		69591
GaMz	घंष्	1	Ā.		GaMza~\		to diffuse lustre or splendour			69215
gaRq	गण्ड्	1	P.		gaRqa~		(derived fr. ) cl. 1. P. , ‘to affect the cheek’, (cf. .)	gaRqa|°qati|gaRqA		62749
GaRw	घण्ट्	1			GaRwa~	BAzAyAm	and , ‘to speak’ or ‘to shine’	°wati|°wayati		69363
gavez	गवेष्	1	Ā.		gaveza~\		to seek, search or inquire for (acc.),; : cl. 10. , id.,,;;	°zate|°zayati|°te|gav		64327
gaYj	गञ्ज्	1	P.		gaYja~	Sabde	to sound, give out a particular sound	°jati		62459
GfRR	घृण्ण्	1	Ā.		GfRRa~\		= √	°RRate|GiRR		70104
gfYj	गृञ्ज्	1		P.	gfYja~	Sabde	(= √ ) cl. 1. (See √ ) or , to sound, roar	garj|garjati|garj|gfYjati		66413.1
GiRR	घिण्ण्	1	Ā.		GiRRa~\	grahaRe	(fr. Prākṛt ṇh, giṇh = ) cl. 1. Ā. , to take, grasp, (cf. √ , .)	√ ge|grah|°RRate|GuRR|GfRR		69778
granT	ग्रन्थ्	1	P. Ā.	P. Ā.	granTa~^	banDane	to fasten, tie or string together, arrange, connect in a regular series	graTati|°te|granTati|granTate|agranTizwa		68437.1
granT	ग्रन्थ्	1	Ā.	Ā.	granTa~\	kOwilye	or , to be crooked (lit. and fig.)	graTate|granT°		68541.1
guD	गुध्	1	Ā.	Ā.	guDa~\	saMvaraRe	to wrap up, envelop, cover, clothe (cf. √ ), : cl. 9. P. , to be angry, : cl. 1.	guRW|°DnAti|goDate|gUrd|gud		65883
gUrd	गूर्द्	1		P.	gUrda~		to play, sport, jump	gurdayati|gUrd°|gurd|°dati		66184.1
GuRR	घुण्ण्	1	Ā.		GuRRa~\		= √	°RRate|GiRR		69812
GUrR	घूर्ण्	1	P. Ā.		GUrRa~^	gatO	to move to and fro, shake, be agitated, roll about	°rRayati|GUrRyamAna		69925
guYj	गुञ्ज्	1	P.		guYja~		(= √ ) cl. 1. P. (pr. p. ; perf. ,), to buzz, hum,;; &c. (cf. .)	guj|°jati|°jat|juguYja|sam-ud-√ guYj		65392
hA	हा	1		P. Ā.	hA^	varjane	to leave, abandon, desert, quit, forsake, relinquish (with , , , , &c. - ‘to die	SarIram|deham|prARAn|asUn|jIvitam		262507
han	हन्	1		Ā.	hana~\	hiMsAyAm	to strike, beat (also a drum), pound, hammer (acc.), strike &c. upon (loc.), &c.	hanyate|°ti|avaDi|aGAni|GAtayati		260297
heL	हेल्	1	P. Ā.	P.	heLa~^	karaRe	to be or make angry or hostile (, ; only occurring in , , and , qq.vv.)	anAdare|heqamAna|helamAna|helayati|°te	voice cp=P. Ā. vs attested=P.	263977.1
hew	हेट्	1	P. Ā.	P.	hewa~^		to be wicked	heWRAti|heQ|heWayati|vi-√ heW	voice cp=P. Ā. vs attested=P.	263975.1
hiMs	हिंस्	1		P. Ā.	hiMsa~^	hiMsAyAm	to injure, harm, wound, kill, destroy, &c. &c.	hiMsyate|ahiMsi|a-hiMsyamAna|hiMsayati|ajihiMsat		262731
hiRq	हिण्ड्	1	Ā.		hiRqa~\	gatO	to go, move, wander or roam about			262850
hrep	ह्रेप्	1	Ā.	P. Ā.	hrepa~\	gatO	to go, (v.l.) See √ .	hrepate|hrepayati|hrI	voice cp=Ā. vs attested=P. Ā.	264814
hrOq	ह्रौड्	1	P.	P.	hrOqa~	gatO	(cf. √ , ) cl. 1. P. , to go, (v.l.)	hruq|hrUq|hrOqati		264821
hruq	ह्रुड्	1	P. Ā.	P.	hruqa~^	gatO	or (accord. to some also Ā. ), to go, (v.l.)	hroqati|hrUqati|°te	voice cp=P. Ā. vs attested=P.	264809
hrUq	ह्रूड्	1	P. Ā.	P.	hrUqa~^	gatO	or (accord. to some also Ā. ), to go, (v.l.)	hroqati|hrUqati|°te	voice cp=P. Ā. vs attested=P.	264809.1
hUrC	हूर्छ्	1	P.	P.	hUrCa~	gatO	to go crookedly, creep stealthily, totter, fall	hUrCayati|hurC		263569.1
huRq	हुण्ड्	1	Ā.		huRqa~\		to , Sch., also ), to collect, accumulate	BuRq		263529
hvF	ह्वॄ	1	P. Ā.	P. Ā.	hvF^		to also ; pf. , , Gr.; aor. , , , , ; ; ; Prec. Gr.; fut. , , ; inf. , )	hvArayati|jihvaraH|°ratam|juhuraH|juhUrTAH		264863.1
ind	इन्द्	1	P.		inda~		to be powerful	und|indra		28845
iNg	इङ्ग्	1	P. Ā.	P.	iNga~^	gatO	to go, go to or towards	iNgayati|iNgya	voice cp=P. Ā. vs attested=P.	28638
iNK	इङ्ख्	1	P.	P.	iNKa~	gatO	to go, move, and;	iNKati|iNKAM-cakAra|iNKizyati|iNKitum|INKayati		28637
INK	ईङ्ख्	1	P.	P.	INKa~	gatO	to go, move	INKayati		29714
Int	ईन्त्	1	P.	P.	Inta~	banDane	to bind , on	Intati|Intitum		29747
IYj	ईञ्ज्	1	P.		IYja~	gatO	to go	apej|sam-Ij		29717.1
iz	इष्	1	P. Ā.		iza~^		to seek, search, : cl. 4. P. and 9. Ā. P.			29439
jAgf	जागृ	1	Ā.	P.	jAgf\		to be awake or watchful, ; &c.	aDi|ajIgar|jigftam|°ta|jAgarayati	voice cp=Ā. vs attested=P.	78427
jamB	जम्भ्	1		P. Ā.	jamBa~^		to snap at (gen.)	jamBayati|°yat|jaYjaByate|°BIti|ByamAna		77183.05
jamB	जम्भ्	1	Ā.	P. Ā.	jamBa~\	jYAne	or Ā. () (aor. ), v.l. for √ () to know carnally, (inf. v.l. ).	jaBati|jamB°|jaBate|ajamBizwa|yaB	voice cp=Ā. vs attested=P. Ā.	77248.1
jaMs	जंस्	1			jaMsa~	rakzaRe	to protect			76176
jan	जन्	1	Ā.	P. Ā.	jana~\		to generate, beget, produce, create, cause, ; &c.	jAyate|°ti|ajAyata|jayamAna|janizyate	voice cp=Ā. vs attested=P. Ā.	76735
jaNkz	जङ्क्ष्	1	P.		jaNkza~		v.l. for √ .	kzaj		76462
JaR	झण्	1			JaRa~	Sabde	to sound	°Rati		80982
jarc	जर्च्	1			jarca~	BAzAyAm	to speak			77741
jarC	जर्छ्	1			jarCa~		v.l. for √ .	jarc		77742
Jarc	झर्च्	1			Jarca~		to blame (fr. √ ?), and (v.l.)			81017
JarC	झर्छ्	1			JarCa~		to blame (fr. √ ?), and (v.l.)			81017.1
jarJ	जर्झ्	1			jarJa~		v.l. for √ .	jarc		77746
jarts	जर्त्स्	1			jartsa~	rakzaRe	to protect			77754
jas	जस्	1	P. Ā.	P.	jasa~^		to be exhausted or starved	jasati|jAsayati|ajIjasata|jajastam|uj-	voice cp=P. Ā. vs attested=P.	78362
jaYj	जञ्ज्	1	P.		jaYja~		p. f. , glittering, flashing (; = , )	jaYjatI|aBiBavantI		76514
jF	जॄ	1	P. Ā.	P.	jF^	karaRe	to make old or decrepit	jf|jIryati|°te|jIryat|°yamARa	voice cp=P. Ā. vs attested=P.	80153
jF	जॄ	1	Ā.		jF\		to crackle (as fire)			80154
jfmB	जृम्भ्	1	P. Ā.	Ā.	jfmBa~^		to open the mouth, yawn, ; &c.	jfmBayAm Asa|jarIjfmBate	voice cp=P. Ā. vs attested=Ā.	80122
jinv	जिन्व्	1	P. Ā.	P.	jinva~^	gatO	to move one's self, be active or lively ()	jinvayati|juYc|A-|pra-|upa-pra-	voice cp=P. Ā. vs attested=P.	79399
jrI	ज्री	1		P.	jrI	vfdDO	to grow old, (v.l.)	jrayati|jriRAti|jrAyayati		80856.1
jU	जू	1	P. Ā.	P.	jU^		to press forwards, hurry on, be quick	ajIjavat|jijavayizati|pra-	voice cp=P. Ā. vs attested=P.	80068
Ju	झु	1	Ā.		Ju\		v.l. for √ .	jyu		81139
juNg	जुङ्ग्	1			juNga~		to exclude	yuNg		79988
jUrv	जूर्व्	1	P.		jUrva~	BakzaRe	to consume by heat, singe, ()	ni-|saM-		80115
juYc	जुञ्च्	1			juYca~	BAzAyAm	to speak			79993
juz	जुष्	1	P. Ā.		juza~^		to be pleased or satisfied or favourable, ; &c.	tanvAm|°vas|jozayAse		80017
JUz	झूष्	1	P.		JUza~		v.l. for √ .	yUz		81146
jyo	ज्यो	1	Ā.	Ā.	jyo\		to order, cause any one to observe a vow, ().	jyavate		80838
Jyu	झ्यु	1	Ā.		Jyu\		v.l. for √ .	jyu		81151
Kac	खच्	1	P.	P.	Kaca~	gatO	to come forth, project (as teeth)	KacYAti|Kacayati		60863
kaj	कज्	1	P.		kaja~		to be happy			41817
Kall	खल्ल्	1	Ā.	Ā.	Kalla~\	viloqane	(= √ ) cl. 1. Ā. , to shake, be loose	Kal|Kallate		61663
kamb	कम्ब्	1	P.		kamba~	gatO	to go, move	karb		43959
Kamb	खम्ब्	1	P.		Kamba~	gatO	to go or move, (v.l.)	°bati		61339
kamp	कम्प्	1	P. Ā.	P. Ā.	kampa~^	viloqane	to tremble, shake, ; ; &c.	kampayati|-te|cikampizate|caMkampyate|caMkampti		43913
kAMs	कांस्	1	Ā.	Ā.	kAMsa~\	dIptO	to shine, glitter, (v.l. for ).	kAMsate|kAS		46911
kand	कन्द्	1	P. Ā.	P. Ā.	kanda~^	BAzAyAm	to cry, utter lamentations: Ā. , to be confounded, confound, (cf. , .)	kandati|cakanda|kandate|kad|krand		43192
kaNk	कङ्क्	1	Ā.	Ā.	kaNka~\	gatO	&c., to go,;	kaNkate|cakaNke|kaNkitA		41602
kANkz	काङ्क्ष्	1	P. Ā.	P. Ā.	kANkza~^	prayatne	to wish, desire, long for, hope for (with acc.), expect, wait for, await (with a	kANkzayati|acakANkzat|cikANkzizati|cAkANkzyate|cAkAMzwi		47271
kaRq	कण्ड्	1	P. Ā.	P.	kaRqa~^	viBAge	P. , , to be glad or wanton: cl. 10. P. , to separate (the chaff from the grain)	kaRqati|-te|kaRqayati|kaq	voice cp=P. Ā. vs attested=P.	42560
KaRq	खण्ड्	1	Ā.		KaRqa~\	Cedane	to break, divide, destroy, : cl. 10. P. , to break, tear, break into pieces, cru	KaRqita		61072
kaRw	कण्ट्	1	P.	P.	kaRwa~	gatO	to go, move, (cf. .)	kaRwati|kaw		42355
kaRW	कण्ठ्	1	P. Ā.		kaRWa~^		to mourn	ut-kaRWa		42456
kaS	कश्	1	P.		kaSa~	gatO	to go, move Comm. on	kaMs|kas|Jaz|SaS|kaz		46631
kaYc	कञ्च्	1	Ā.		kaYca~\	banDane	to bind			41835
kAYc	काञ्च्	1	Ā.		kAYca~\	dIptO	to shine	kac|kaYc		47345
KaYj	खञ्ज्	1	P.		KaYja~		to limp, walk lame			60884
kf	कृ	1	P. Ā.	P. Ā.	kf^	karaRe	to do, make, perform, accomplish, cause, effect, prepare, undertake, &c.	varzARi daSa cakruH|kzaRaM kuru|kftakzaRa|arDaM-√ kf|arDa		54148
kft	कृत्	1	P.	P.	kfta~	Cedane	to cut, cut in pieces, cut off, divide, tear asunder, destroy, ; ; ; &c.	kartayati|cikartizati|cikftsati		54777
klam	क्लम्	1		P.	klama~		to be or become fatigued, be weary or exhausted, , , , and	klAmayati		58545
kland	क्लन्द्	1	P. Ā.	Ā.	klanda~^		to call	klandate|kladate|klad	voice cp=P. Ā. vs attested=Ā.	58542
klav	क्लव्	1	Ā.	Ā.	klava~\	Baye	to fear, be afraid, ()	klavate		58562
klind	क्लिन्द्	1	P. Ā.	P.	klinda~^		P. , , to lament,; (cf. √ .)	klindati|°te|kland	voice cp=P. Ā. vs attested=P.	58598
knaMs	क्नंस्	1			knaMsa~		(cf. √ , , , .)	°sati|°sayati|kuMS|kuMs|knas		57601
Koq	खोड्	1	P.		Koqa~		= √ , q.v., : cl. 10. P. = √ , q.v.	°qati|Kor|kzow		62089
Kow	खोट्	1	P.		Kowa~		= √ , : cl. 10. P. v.l. for √ , q.v.	°wati|Kor|kzow		62084
kraMS	क्रंश्	1	P.		kraMSa~		(?) , to illuminate, (cf. √ , .)	°Sati|knaMs|knas		57618
krand	क्रन्द्	1	P. Ā.	P.	kranda~^	Sabde	to neigh (as a horse), roar (metaphorically applied to the clouds and to wind an	cakranda|krandayati|acikradat|°dan|kanikrantti	voice cp=P. Ā. vs attested=P.	57730
kU	कू	1	P. Ā.	Ā.	kU^	gatO	to sound, make any noise, cry out, moan, cry (as a bird), coo, hum (as a bee) &c	kavate|kokUyate|kokavIti|cokUyate	voice cp=P. Ā. vs attested=Ā.	53778
kuMs	कुंस्	1		P.	kuMsa~	BAzAyAm	or cl. 10. P. , or , , ‘to speak’ or ‘to shine’, and	kuMSati|°Sayati|kuMsati|°sayati|kuMS		51270.1
kuMS	कुंश्	1		P.	kuMSa~	BAzAyAm	or cl. 10. P. , or , , ‘to speak’ or ‘to shine’, and	kuMSati|°Sayati|kuMsati|°sayati		51270
kunT	कुन्थ्	1			kunTa~	hiMsAyAm	to hurt, injure	kuTnAti		52143
kUR	कूण्	1	P. Ā.	P.	kURa~^		to contract, shrink, shorten	kURayati|°te	voice cp=P. Ā. vs attested=P.	53919
kUrd	कूर्द्	1	P. Ā.	P. Ā.	kUrda~^		P. , (perf. ,; aor. ,), to leap, jump,;; : Ā. , to play	kUrdati|°te|cukUrda|akUrdizwa|kUrdate		54039
kuRq	कुण्ड्	1	P. Ā.	P. Ā.	kuRqa~^	dAhe	to mutilate, : cl. 1. Ā. , to burn, : cl. 10. , to protect	kuRqati|kuRqate|kuRqayati		51842
KuRq	खुण्ड्	1	Ā.	P.	KuRqa~\	Bedane	to break in pieces	KuRqayati|Koqayati|kzodayati|kzudra	voice cp=Ā. vs attested=P.	61976
kuRW	कुण्ठ्	1	P.	P.	kuRWa~		to be lame or mutilated or blunted or dulled	kuRWayati|guRW|avakuRWana		51824
kuts	कुत्स्	1	P.	P.	kutsa~	anAdare	(perhaps related to ) cl. 10. P.; rarely cl. 1. P. , and; once cl. 4. P. ,], to 	kutas|kutsayati|°yate|kutsati|kutsyati		52017
kuYj	कुञ्ज्	1	P.	P.	kuYja~		to murmur (= √ )	kuYjati|kUj		51471
kxp	कॢप्	1	P. Ā.	P. Ā.	kxpa~^		to be well ordered or regulated, be well managed, succeed, ; ; &c.	yajYo devezu kalpatAm|kxptavat|kalpayati|°te|acIkxpat		55571
kzad	क्षद्	1	Ā.	Ā.	kzada~\	Cedane	to cut, dissect, divide, kill, and	kzadase|cakzade		58898
kzamp	क्षम्प्	1			kzampa~	DAraRe	to suffer, bear			59133
kzap	क्षप्	1	P. Ā.		kzapa~^	karaRe	to be abstinent, fast, do penance, ; ; ; &c.	kzip		58968
kzaYj	क्षञ्ज्	1	Ā.	P.	kzaYja~\	gatO	to go, approach	kzaYjayati	voice cp=Ā. vs attested=P.	58737.1
kzud	क्षुद्	1	P. Ā.	P.	kzuda~^	hiMsAyAm	to strike against, shake, ()	kzuRatti|kzuntte|akzuRat|akzOtsur|kzotsyati	voice cp=P. Ā. vs attested=P.	59877
kzump	क्षुम्प्	1	P.	P.	kzumpa~	gatO	to go	kzumpati		60155
kzviq	क्ष्विड्	1	P.	P.	kzviqa~	BAzAyAm	to utter an inarticulate sound, hum, murmur, growl, roar, hiss, whistle, rattle	kzveqayati		60633
kzviq	क्ष्विड्	1	Ā.	P. Ā.	kzviqa~\	ArdrIBAve	to be wet or unctuous, exude, emit sap, cl. 4. P. id.	kzveqate|kzvedate|kzvidyati	voice cp=Ā. vs attested=P. Ā.	60652
lakz	लक्ष्	1	P. Ā.	P. Ā.	lakza~^	jYAne	to perceive, observe	°ti|lakza|lakzayati|°te|alalakzat		180331
lamb	लम्ब्	1	Ā.	P. Ā.	lamba~\		to hang down, depend, dangle, hang from or on (loc.), ; &c.	lambayati|alalambat|laNGayitvA|lambayitvA|lilambizate	voice cp=Ā. vs attested=P. Ā.	181488
lamb	लम्ब्	1	Ā.	Ā.	lamba~\	Sabde	(cf. √ ) cl. 1. Ā. , to sound	ramb|lambate		181580
lamB	लम्भ्	1	Ā.	Ā.	lamBa~\	Sabde	(cf. √ ) cl. 1. Ā. , to sound, ()	ramB|lamBate		181581
laNg	लङ्ग्	1	P.		laNga~	gatO	to go	vi-lagita		181106
laNG	लङ्घ्	1	P. Ā.	P. Ā.	laNGa~^	gatO	to leap over, go beyond (Ā.)	laNGayati|°te|laNGyate|lilaNGayizati		181121
lay	लय्	1	Ā.	Ā.	laya~\	gatO	(cf. √ ) cl. 1. Ā. , to go, ()	ray|layate		181583
lAYC	लाञ्छ्	1	P.	P.	lAYCa~		to mark, distinguish, characterize	lAYCayati		182184
laYj	लञ्ज्	1	P.	P.	laYja~		(cf. √ ) cl. 1. P. , ‘to fry’ or ‘to blame’ ( v.l. )	laj|laYjati|Bartsane|Barjane		181192
lAYj	लाञ्ज्	1	P.	P.	lAYja~		= √	lAYjati|lAj		182191
lER	लैण्	1	P.		lERa~	gatO	to go	pER		183225
lI	ली	1	P.	P. Ā.	lI		to adhere, obtain (not usually found)	layati|lIyate|lAyate|lilye|lilyuH	voice cp=P. vs attested=P. Ā.	182753
liNg	लिङ्ग्	1	P.	P.	liNga~	gatO	to go	liNgayati|citrI-karaRe		182476
liNK	लिङ्ख्	1	P.	P.	liNKa~	gatO	(cf. √ , ) cl. 1. P. , to go, move	laK|laNK|liNKati		182475
lip	लिप्	1	P. Ā.	P. Ā.	lipi~^		to smear, besmear, anoint with (instr.), stain, soil, taint, pollute, defile, &c	lipyate|°ti|alepi|lepayati|alIlipat	attested has nasal → i~ (idit)	182615
low	लोट्	1	P.	P.	lowa~	unmAde	or , to be mad or foolish	lowati|loqati		183604
luh	लुह्	1	P.	P.	luha~		(cf. √ ) cl. 1. P. , to covet, ()	luB|lohati		183124
lul	लुल्	1	P. Ā.	P.	lula~^	gatO	to move to and fro, roll about, stir	lolayati	voice cp=P. Ā. vs attested=P.	183058
lumb	लुम्ब्	1	P.	P.	lumba~		to torment, harass	lumbayati|adarSane|ardane		183054
lunT	लुन्थ्	1	P.	P.	lunTa~	hiMsAyAm	(cf. √ ) cl. 1. P. , to strike, hurt, cause or suffer pain	luW|lunTati		182955
luRw	लुण्ट्	1	P.	P.	luRwa~	steye	to rob, plunder	luRwayati		182926
luz	लुष्	1	P.	P.	luza~	steye	(cf. √ ) cl. 1. P. , to rob, steal	lUs|lozati		183120
makk	मक्क्	1	Ā.	Ā.	makka~\	gatO	(cf. √ ), cl. 1. Ā. , to go, move,;	mask|makkate		154009
mamb	मम्ब्	1	P.	P.	mamba~	gatO	to go, move, ()	mambati		157977
maMh	मंह्	1	Ā.	P. Ā.	maMha~\	dAne	to give, grant, bestow (with , ‘as a present’)	maMhayati|mAmahe|mah	voice cp=Ā. vs attested=P. Ā.	153892
mand	मन्द्	1	P. Ā.	P.	manda~^	made	to rejoice, be glad or delighted, be drunk or intoxicated (lit. and fig.)	mandayati|mandayaDyE	voice cp=P. Ā. vs attested=P.	157643
maNg	मङ्ग्	1	Ā.	Ā.	maNga~\	gatO	(cf. √ ) cl. 1. Ā. , to go, move	maNk|maNgate		154139
maNG	मङ्घ्	1	P. Ā.	Ā.	maNGa~^		to adorn, decorate	maNGate	voice cp=P. Ā. vs attested=Ā.	154336
maNk	मङ्क्	1	Ā.	Ā.	maNka~\	gatO	(cf. √ ) cl. 1. Ā. , to move or to adorn, (only pf. , explained by ,]; Gr. also 	maNg|maNkate|mamaNkire|SuSuBire|mamaNgire		154117
maNK	मङ्ख्	1	P.	P.	maNKa~	gatO	(cf. √ ) cl. 1. P. , to go, move	maK|maNKati		154130
mANkz	माङ्क्ष्	1	P.	P.	mANkza~		to wish, long for, desire	mANkzati		162008
mAnT	मान्थ्	1	P.	P.	mAnTa~	hiMsAyAm	= √ , or , to hurt, injure, ()	mAnTati|manT|maT		163014
mAq	माड्	1	P. Ā.	P.	mAqa~^	mAne	P. , , to measure, weigh, (v.l. for ).	mAqati|°te|mAh	voice cp=P. Ā. vs attested=P.	162069
mArg	मार्ग्	1		P.	mArga~	darSane	to seek, look for	mArgayati		163363
marj	मर्ज्	1		P.	marja~	Sabde	(cf. √ ) cl. 1. 6. P. , , to sound,; (v.l. for , ).	mfj|marjati|mfYjati|muj|muYj		158462
maRq	मण्ड्	1	P. Ā.	P. Ā.	maRqa~^		to deck, adorn	maRqate|maRqayati|°te		154854
maRW	मण्ठ्	1	Ā.	Ā.	maRWa~\		to long for, desire eagerly	maRWate		154850
maYc	मञ्च्	1	Ā.		maYca~\		to cheat &c. v.l.			154395
mf	मृ	1	P. Ā.	P. Ā.	mf^		to die, decease, &c. &c.	mriyate|mamre|amAri|mArayati|°te		166607
mfd	मृद्	1	P. Ā.	P. Ā.	mfda~^	hiMsAyAm	to press, squeeze, crush, pound, smash, trample down, tread upon, destroy, waste	mardayati|°te|amImridat|amamardat|mimardizati		167219
mfj	मृज्	1	P. Ā.	P. Ā.	mfja~^		to wipe, rub, cleanse, polish, clean, purify, embellish, adorn (Ā. also ‘one's s	mArzwi|marjayati|°te|mArjayati|°te		167121
mI	मी	1			mI	gatO	to go, move			164610
mind	मिन्द्	1	Ā.	P.	minda~\	vfdDO	to grow fat	mindayati|medayati|mitra	voice cp=Ā. vs attested=P.	164438.1
mokz	मोक्ष्	1	Ā.	P.	mokza~\		to wish to free one's self, seek deliverance, (cf. )	mokza|mokzayati|°te|mokzayaDvam|mokzayizyati	voice cp=Ā. vs attested=P.	168318
muC	मुछ्	1	P.	P.	muCa~		v.l. for √	mucCati|yuC		165300
mUrC	मूर्छ्	1	P.	P.	mUrCa~	vfdDO	to become solid, thicken, congeal, assume shape or substance or consistency, exp	mUrCayati|°te		165763.1
muRq	मुण्ड्	1	P. Ā.	P.	muRqa~^	Cedane	to serve as the supposed source of the words below) cl. 1. P. to cut ( = )	muw|mArjane|magne|muRqane|muRqayati	voice cp=P. Ā. vs attested=P.	165362
muRw	मुण्ट्	1	P.	P.	muRwa~		to crush, grind, (v.l. for ).	muRwati|muw		165360
muRW	मुण्ठ्	1	Ā.	Ā.	muRWa~\	rakzaRe	‘to run away’ or ‘to protect’ ( v.l. )	muRWate|palAyane|pAlane		165361
muYc	मुञ्च्	1	P. Ā.	Ā.	muYca~^	gatO	to go, move, ()	muYcate|mac|muc	voice cp=P. Ā. vs attested=Ā.	165302
muYj	मुञ्ज्	1	P.	P.	muYja~	Sabde	to give out a partic. sound	mojayati|muYjayati|muj		165301.1
myakz	म्यक्ष्	1	P.		myakza~		to be fixed or situated in (loc.), rest firmly	apa-|A-|ni-|sam-√ myakz		168872
namb	नम्ब्	1	P.	P.	namba~	gatO	to go, in	nambati		103916
naMS	नंश्	1	P. Ā.	P.	naMSa~^	vyAptO	P. , (aor. , ; , Impv. ; Ā. 1. sg. Prec. ; inf. ), to reach, attain, meet with, 	naSati|°te|Anat|-naw|-anazwAm	voice cp=P. Ā. vs attested=P.	104757.1
nand	नन्द्	1	P.	P. Ā.	nanda~	prIRane	to rejoice, delight, to be pleased or satisfied with, be glad of (instr., rarely	nandyate|nandayati|°te|ananandat|ninandizati	voice cp=P. vs attested=P. Ā.	103420
naNK	नङ्ख्	1	P.	P.	naNKa~	gatO	and , to go, move,;	naKyati|naKati|naNKati|naK		102937.1
naS	नश्	1	P. Ā.	P.	naSa~^	vyAptO	P. , (aor. , ; , Impv. ; Ā. 1. sg. Prec. ; inf. ), to reach, attain, meet with, 	naSati|°te|Anat|-naw|-anazwAm	voice cp=P. Ā. vs attested=P.	104757
naS	नश्	1	P.	P. Ā.	naSa~	kzaye	to be lost, perish, disappear, be gone, run away, &c. &c.	nASayati|°te|-anInaSat|-nASayaDyE|mA nInaSah	voice cp=P. vs attested=P. Ā.	104760
oj	ओज्	1			oja~		to be strong or able			40621
olaRq	ओलण्ड्	1		P.	olaRqa~	kzepe	or , , to throw out, eject, (cf. .)	olaRqati|olaRqayati|olaRqAM-|olaRqayAm-baBUva|OlaRqIt		40721
pad	पद्	1	P.	P.	pada~		v.l. for , to stand fast or fixed,;	padati|bad		115169
pall	पल्ल्	1		P.	palla~	gatO	to go, move,; (invented after √ , prob. to explain the following words).	pallati|pal		120272
pamb	पम्ब्	1	P.	P.	pamba~	gatO	to go, move,;	pambati		115889
paMs	पंस्	1		P.	paMsa~	Bedane	or , or , to destroy,Add	paMSati|°sati|paMSayati|°sayati		113051.1
paMS	पंश्	1		P.	paMSa~	Bedane	or , or , to destroy,Add	paMSati|°sati|paMSayati|°sayati		113051
panT	पन्थ्	1		P.	panTa~	gatO	or , to go, move, (cf. √ ).	panTati|°Tayati|paT		115861
paRq	पण्ड्	1	Ā.	P.	paRqa~\	gatO	to serve as the root of the words below) cl. 1. Ā. , to go, move	paRqayati|piRq|paRqati|°qayati|paMs	voice cp=Ā. vs attested=P.	114650
Parv	फर्व्	1	P.	P.	Parva~	gatO	to go, on	Parvati		141716
pas	पस्	1	P. Ā.	P.	pasa~^	banDane	to bind (v.l. for , ).	pAsayati|paS	voice cp=P. Ā. vs attested=P.	120780
pav	पव्	1	Ā.	Ā.	pava~\	gatO	to go, (v.l. for ).	pavate|plav		120348
pAy	पाय्	1	Ā.	Ā.	pAya~\		to void excrement	pAyayate		122352
paYc	पञ्च्	1	P. Ā.	P.	paYca~^	karaRe	to spread out, make clear or evident	-paYcayati|pra-paYcaya	voice cp=P. Ā. vs attested=P.	113411.1
paz	पष्	1	P. Ā.	P.	paza~^	gatO	to bind, to hinder, to touch, to go	pazayati|pAzayati|paS	voice cp=P. Ā. vs attested=P.	120776
peR	पेण्	1	P.		peRa~	gatO	to go	pER|prER|lER		128942
pfc	पृच्	1	P.		pfca~	saNGAte	to mix, mingle, put together with (instr., rarely loc.; , ‘to fix the arrow upon	DanuzA Saram|pF|pfj		128314
pi	पि	1	Ā.		pi\	vfdDO	to swell, overflow, be exuberant, abound, increase, grow			124606.1
pI	पी	1	Ā.		pI\	vfdDO	to swell, overflow, be exuberant, abound, increase, grow			124606
piMs	पिंस्	1			piMsa~	BAzAyAm	to speak			123451
pinv	पिन्व्	1	P. Ā.	P. Ā.	pinva~^	sTOlye	to cause to swell, distend	pinvate|pinvayati|pinvati		124299
piRq	पिण्ड्	1	Ā.		piRqa~\	saNGAte	to roll into a lump or ball, put together, join, unite, gather, assemble			123762
pIy	पीय्	1	P.		pIya~		to blame, abuse, revile, scoff, deride			124968
plab	प्लब्	1	Ā.	Ā.	plaba~\	gatO	to go, (v.l.), and (cf. √ ).	plabate|plavate|plu		141439
plav	प्लव्	1	Ā.	Ā.	plava~\	gatO	to go, (v.l.), and (cf. √ ).	plabate|plavate|plu		141439.1
poYC	पोञ्छ्	1	Ā.	Ā.	poYCa~\		to clean (shoes), (prob. for , q.v.)	poYCate|proYC		129236
prED	प्रैध्	1	Ā.	Ā.	prEDa~\		() cl. 1. Ā. ,, Sch.	pra-√ eD|prEDate		141139
pruT	प्रुथ्	1	P. Ā.	P.	pruTa~^		to pant, neigh, snort (as a horse)	proTayati|popruTat|proT	voice cp=P. Ā. vs attested=P.	140858
puC	पुछ्	1	P.	P.	puCa~		to be careless, (v.l. for , ).	pucCati|yuC|muC		125170
pUj	पूज्	1	P.		pUja~	pUjAyAm	to honour, worship, revere, respect, regard, ; ; &c.			127377
punT	पुन्थ्	1	P.	P.	punTa~	dAne	to give or suffer pain, (v.l. ).	punTati|yunT		125854
puRq	पुण्ड्	1	P.	P.	puRqa~		to rub, grind, reduce to powder, (v.l. for ).	puRqati|muw		125254
puw	पुट्	1	P.	P.	puwa~	vezwane	to clasp, fold, envelop in (instr.)	powati|muw|puwayati|powayati|BAzArTe		125192
qam	डम्	1	P.		qama~	Sabde	(p. ) to sound (as a drum)	°mat		81340
raj	रज्	1		P. Ā.	raji~^	darSane	See √ .	raYj|rajati|°te|rajayati|raYjayati	attested has nasal → i~ (idit)	173300
ramb	रम्ब्	1	Ā.	Ā.	ramba~\		(cf. √ ) cl. 1. Ā. , to hang down	lamb|rambate		175239
ramb	रम्ब्	1	P. Ā.	P.	ramba~^	Sabde	to sound	rambati|raRv	voice cp=P. Ā. vs attested=P.	175240
ramB	रम्भ्	1	Ā.	Ā.	ramBa~\	Sabde	(cf. √ ) cl. 1. Ā. , to sound, roar, (only p. ,)	ramb|ramBate|ramBamARa		175244
raMh	रंह्	1	P. Ā.	P. Ā.	raMha~^		cf. √ and , cl. 1. P. () ( also Ā. , ; pf. , ; fut. , ; aor. Gr.)	laNG|raGu|laGu|raMhati|raMhate		173028
ramP	रम्फ्	1	P.	P.	ramPa~	gatO	(cf. √ and ) cl. 1. P. , to go, (accord. to also ‘to kill’).	fP|raP|ramPati		175238
raNg	रङ्ग्	1	P.	P.	raNga~	gatO	() , to move to and fro, rock	raNgati		173261
raNG	रङ्घ्	1	Ā.		raNGa~\		to hasten, run			173263
raNK	रङ्ख्	1	P.	P.	raNKa~	gatO	(cf. √ ) cl. 1. P. , to go, move	raK|raNKati		173260
rarP	रर्फ्	1	P.	P.	rarPa~	gatO	(cf. √ ), cl. 1. P. , to go, (v.l.)	raP|rarPati		175297
raRv	रण्व्	1	P.	P.	raRva~	gatO	(cf. , , ) cl. 1. P. , to go	ramb|riRv|rimb|raRvati		174222
rej	रेज्	1	P. Ā.	P.	reja~^	gatO	to go	rAj|rejayati	voice cp=P. Ā. vs attested=P.	179363
reL	रेल्	1	Ā.	P. Ā.	reLa~\		to be angry (= ), (only in = ,, Sch.)	reLate|kruDyati|a-reqat|anAdaram akurvat	voice cp=Ā. vs attested=P. Ā.	179371.1
req	रेड्	1	Ā.	P. Ā.	reqa~\		to be angry (= ), (only in = ,, Sch.)	reLate|kruDyati|a-reqat|anAdaram akurvat	voice cp=Ā. vs attested=P. Ā.	179371
riB	रिभ्	1	P. Ā.		riBa~^		to Ā. ; pf. , ; aor. Gr.; fut. , , )			178103
ric	रिच्	1	P.	P. Ā.	rica~		(cf. Pass.) (ep. also ; pf. , , &c. &c.: , , ; p. , , ; aor. , ; , ; ; , ; fut. 	ricyate|°ti|rireca|ririce|riricyAm	voice cp=P. vs attested=P. Ā.	177975
rij	रिज्	1	Ā.	Ā.	rija~\	SozaRe	(cf. √ ) cl. 1. Ā. , to fry, parch,;	riYj|rejate		178029
riNg	रिङ्ग्	1	P.	P.	riNga~	gatO	to move, creep, crawl, advance with difficulty or slowly	riNgayati		177968
riNK	रिङ्ख्	1	P.		riNKa~	gatO	to go, move, crawl (said of young children)			177954
riRv	रिण्व्	1	P.	P.	riRva~	gatO	to go, (v.l. ).	riRvati|rimb		178034
rIv	रीव्	1	P. Ā.		rIva~^	grahaRe	to take	cIv		178212
rOw	रौट्	1	P.	P.	rOwa~	anAdare	(cf. √ ) cl. 1. P. , , to despise, treat with disrespect	roq|rOwati|rOqati		180194
ruD	रुध्	1	P.	P.	ruDa~	vfdDO	(cf. √ , of which this seems to be only another form) cl. 1. P. , to sprout, sho	ruh|roDati|roDati|viroDat|ruDat		178751
ruMS	रुंश्	1		P.	ruMSa~	BAzAyAm	to speak	ruMSati|ruMSayati		178234
ruRw	रुण्ट्	1	P.	P.	ruRwa~	steye	(v.l. ) cl. 1. P. , to steal, rob, (v.l. ).	ruRq|ruRwati|ruRq		178492
ruRW	रुण्ठ्	1	P.		ruRWa~	gatO	to go			178493
sac	सच्	1	P. Ā.	P.	saca~^	karaRe	to be associated or united with, have to do with, be familiar with, associate on	sizakti|saScati|saScata	voice cp=P. Ā. vs attested=P.	228852
sad	सद्	1		P. Ā.	sada~^		to sit down (esp. at a sacrifice), sit upon or in or at (acc. or loc.)	sadyate|asAdi|sAdi|sAdayati|°te		230505
sAD	साध्	1	P. Ā.	P. Ā.	sADa~^		accord. to and , cl. 4. , cl. 5. (in also ; pf. ; aor. ; fut. , ; inf. , in late	sADyati|sADnoti|saDnoti|sasADa|asAtsIt		241500
sag	सग्	1		P.	saga~	saMvaraRe	(cf. √ ) cl. 1. , to cover	sTag|sagati		227853
sah	सह्	1	Ā.	P. Ā.	saha~\		to prevail, be victorious	kalam|kala-kzepam|sAhayati|asIzahat|sisAhayizati	voice cp=Ā. vs attested=P. Ā.	239967
saj	सज्	1	P. Ā.	P. Ā.	saji~^	darSane	See √ , p. 1132, col. 3.	saYj|sajyate|sajjate|°ti|saYjayati	attested has nasal → i~ (idit)	229005
sajj	सज्ज्	1	P.	P.	sajja~	gatO	to go, move	saYjati|sajjati		229217.1
sakz	सक्ष्	1	P.	P.	sakza~	gatO	to go, (only in pr. p.], which accord. to = ; others derive it fr. √ , or ).	sakzati|sakzat|saM-BajamAna|sac|sah		227845
sAkz	साक्ष्	1	P.	P. Ā.	sAkza~		= (used in explaining fr. )	sAkzati|Apnoti|pra-sAkzate|pra-√ sah	voice cp=P. vs attested=P. Ā.	241011
sal	सल्	1	P.	P.	sala~	gatO	(for , a form of √ ) cl. 1. P. , to go, move	sar|sf|salati		239282
SAl	शाल्	1	Ā.	Ā.	SAla~\	dIptO	to shine, be distinguished for or endowed with (instr.), ; , Sch.	SAlate|SAlayate		215926
sam	सम्	1	P.	P.	sama~		to be disturbed	samayati|stamayati		232986
Samb	शम्ब्	1	P.	P.	Samba~	gatO	to go, ()	Sambayati		213262
saMSyE	संश्यै	1	P. Ā.		saMSyE^		Ā , , only in the forms below.	-SyAyati|°te		226665
saMvah	संवह्	1	P. Ā.	Ā.	saMvaha~^	grahaRe	to bear or carry together or along or away, take, convey, bring, &c.	saM-vavAhatuH|saM-√ vAh|-samuhyate|-vAhayati|°te	voice cp=P. Ā. vs attested=Ā.	226125
saMvap	संवप्	1	P. Ā.		saMvapa~^	secane	to throw together, mix, pour in			226077
saMyas	संयस्	1	P.	P.	saMyasa~	karaRe	to make effort &c.	-yasyati|-yasati		225697
san	सन्	1	P.	P. Ā.	sana~	AsvAdane	to gain, acquire, obtain as a gift, possess, enjoy	sanyate|sAyate|sAnayati|asIzaRat|sisAnayizati	voice cp=P. vs attested=P. Ā.	231023
SaNk	शङ्क्	1	P. Ā.	P. Ā.	SaNka~^	Baye	to be anxious or apprehensive, be afraid of (abl.), fear, dread, suspect, distru	SaNke|SaNkyate|aSaNki|SaNkayati		211426
sap	सप्	1	P. Ā.	P.	sapa~^	pUjAyAm	to follow or seek after, be devoted to, honour, serve, love, caress (also sexual	sApayati|sIzapanta	voice cp=P. Ā. vs attested=P.	232210
sarb	सर्ब्	1	P.	P.	sarba~	gatO	(also written ) cl. 1. P. , to go, move	samb|sarbati		238104
sarj	सर्ज्	1	P.	P.	sarja~		to rattle, creak	sarjati		237906
sarj	सर्ज्	1	P.	P.	sarja~		(cf. √ ) cl. 1. P. , to earn by labour, acquire, gain	arj|sarjati		237907
SaRq	शण्ड्	1	Ā.	Ā.	SaRqa~\	hiMsAyAm	‘to hurt’ or ‘to collect’ ()	SaRqate|rujAyAM saMGAte ca		211801
saw	सट्	1	P.	P.	sawa~		to be a part of	sAwayati|sAw		229447
say	सय्	1	Ā.	Ā.	saya~\	gatO	to go	sayate		237404
SaYc	शञ्च्	1	Ā.	Ā.	SaYca~\	gatO	to go	SaNcate		211725
saYj	सञ्ज्	1	P.	P.	saYja~	gatO	to go, move	saYjati|sajjati		229217
saYj	सञ्ज्	1	P. Ā.	P. Ā.	saYja~^		to cling or stick or adhere to, be attached to or engaged in or occupied with (l	sajyate|sajjate|°ti|saYjayati|asasaYjat		229218
sE	सै	1	P.	P.	sE	vayohAnO	(cf. √ , ) cl. 1. P. , to waste away, decline	sA|so|sAyati		252381
sev	सेव्	1	Ā.	P. Ā.	seva~\	stamBe	to dwell or stay near or in (loc.)	sevyate|sevayati|asizevat|sisevayizu|sisevizate	voice cp=Ā. vs attested=P. Ā.	252262
sfB	सृभ्	1	P.	P.	sfBi~	hiMsAyAm	(cf. √ , ) cl. 1. P. , , to kill, slay, injure	siB|sriB|sarBati|sfmBati	attested has nasal → i~ (idit)	252034
sfmB	सृम्भ्	1	P.	P.	sfmBa~	hiMsAyAm	(cf. √ , ) cl. 1. P. , , to kill, slay, injure	siB|sriB|sarBati|sfmBati		252034.1
SI	शी	1		P. Ā.	SI^		to lie, lie down, recline, rest, repose, &c. &c.	patye|madanena-√ SI|Sayyate|aSAyi|SIyat		218170
siD	सिध्	1	P.	P.	siDa~	gatO	to go, move,; (accord. to the of this root is not changed to after prepositions;	seDati|s|z|aBi-|pari-√ siD		244297
siD	सिध्	1	P.	P. Ā.	siDa~		to drive off, scare away, repel, restrain, hinder	siDyate|aseDi|seDayati|asIziDat|sizeDayizati	voice cp=P. vs attested=P. Ā.	244298
SiNG	शिङ्घ्	1	P.	P.	SiNGa~		(also written , prob. for orig. ) cl. 1. P. , to smell, (cf. ).	SiMh|SiNK|SiNGati|upa-√ SiNG		216828
SiNK	शिङ्ख्	1	P.	P.	SiNKa~	gatO	to go, move	SiNKati		216813
siw	सिट्	1	P.	P.	siwa~	anAdare	(cf. √ ) cl. 1. P. , to despise	Siw|sewati		244057
SiYj	शिञ्ज्	1		Ā.	SiYja~\	BAzAyAm	() (accord. to also cl. 1. 10. Ā. , ; pr. p. , or; pf. Gr.; aor. ,; fut. , ,), t	SiNkte|SiYjate|SiYjayate|SiYjAna|SiYjat		216845
skamB	स्कम्भ्	1	Ā.	P.	skamBa~\		to also cl. 1. Ā. ; pr. p. , ; , ; pf. , 2. du. , ; p. , ; aor. Gr.; fut. , , ; 	skamBayati|acaskamBat|skamBita|skaBAyati|skaBita	voice cp=Ā. vs attested=P.	254241
skund	स्कुन्द्	1	Ā.		skunda~\		to jump (, or )	udDaraRe|pra-skunda		254259
SlaNg	श्लङ्ग्	1	P.	P.	SlaNga~	gatO	(cf. √ ) cl. 1. P. , to go, move	SraNg|SlaNgati		223993
SlaNk	श्लङ्क्	1	Ā.	Ā.	SlaNka~\	gatO	(cf. √ ) cl. 1. Ā. , to go, move	SraNk|SlaNkate		223992
smi	स्मि	1	Ā.	P. Ā.	smi\	dIptO	to smile, blush, become red or radiant, shine	smIyate|asmAyi|smAyayati|°te|asismayat	voice cp=Ā. vs attested=P. Ā.	257075
SnaT	श्नथ्	1	P.	P. Ā.	SnaTa~	hiMsAyAm	to pierce, strike, injure, kill	SnaTayati|°te|aSiSnat|SiSnaTat|SiSnaTizati	voice cp=P. vs attested=P. Ā.	221953
snE	स्नै	1	P.	P.	snE	saMvaraRe	(v.l. ) cl. 1. P. , to clothe, wrap round, envelop, adorn	stE|snAyati		256486
snih	स्निह्	1	P.	P. Ā.	sniha~		to be adhesive or sticky or glutinous or viscid or moist	snehati|snihyate|asnehi|snehayati|asizRihat	voice cp=P. vs attested=P. Ā.	256298
snuc	स्नुच्	1	Ā.	Ā.	snuca~\		(prob. for √ ) cl. 1. Ā. , to be bright or clear	stuc|snocate		256467
sPal	स्फल्	1	P.	P.	sPala~	viloqane	to quiver, shake, vibrate, burst, break &c.	sPAlayati|A-√ sPal		256804
spand	स्पन्द्	1	Ā.	P. Ā.	spanda~\	kampane	to quiver, throb, twitch, tremble, vibrate, quake, palpitate, throb with life, q	spandayati|apaspandat|pispandizate|panizpada	voice cp=Ā. vs attested=P. Ā.	256488
sparz	स्पर्ष्	1	Ā.		sparza~\	darSane	See √ .	parz		256549
spfD	स्पृध्	1	P. Ā.	P. Ā.	spfDa~^		to emulate, compete, rival, vie or cope with (instr. with and without , or acc.)	saha|sparDayati|pisparDizate|pAsparDyate|pAspardDi		256521.1
sPUrC	स्फूर्छ्	1	P.		sPUrCa~	vyAptO	to spread, extend			257027
sPuRq	स्फुण्ड्	1	Ā.	P.	sPuRqa~\		to open, expand	sPuRqayati	voice cp=Ā. vs attested=P.	256964
sPuRw	स्फुण्ट्	1	P.	P.	sPuRwa~		to open, expand	sPuRwayati		256963
SramB	श्रम्भ्	1	Ā.		SramBa~\		to be careless or negligent			222476
sraMh	स्रंह्	1	Ā.	Ā.	sraMha~\		to confide, trust, ()	sraMhate		257563
SraNg	श्रङ्ग्	1	P.	P.	SraNga~	gatO	(also written , , ) cl. 1. P. &c., to go, move,-	SlaNj|SvaNg|svaNg|SraNgati|SvaNgati		222319
SraNk	श्रङ्क्	1	Ā.	Ā.	SraNka~\	gatO	(also written , ) cl. 1. Ā. &c., to go, move, creep,-	SlaNk|sraNk|SraNkate|SvaNkate		222318
sras	स्रस्	1	Ā.	P. Ā.	srasi~\	patane	to fall, drop, fall down, slip off, get loose from (abl.), &c. &c.	srasyate|asraMsi|sraMsayati|asisrasat|sraMsyate	attested has nasal → i~ (idit); voice cp=Ā. vs attested=P. Ā.	257528.1
sriB	स्रिभ्	1	P.	P.	sriBi~	hiMsAyAm	or , to hurt, injure, kill,;	sreBati|srimBati	attested has nasal → i~ (idit)	257616
sriD	स्रिध्	1	P.	P.	sriDa~		(aor. , p. ; cf. , ), to fail, err, blunder	sreDati|sriDat|-sriDAna|a-sreDat|a-sriDAna		257614
srimB	स्रिम्भ्	1	P.	P.	srimBa~	hiMsAyAm	or , to hurt, injure, kill,;	sreBati|srimBati		257616.1
sTA	स्था	1	P. Ā.	P. Ā.	sTA^	grahaRe	to stand, stand firmly, station one's self, stand upon, get upon, take up a posi	pAdAByAm|jAnuByAm|agre|agratas|puras		255316
staB	स्तभ्	1	Ā.	P. Ā.	staBi~\	DAraRe	to fix firmly, support, sustain, prop (esp. the heavens)	staByate|astamBi|staBAyati|stamBayati|°te	attested has nasal → i~ (idit); voice cp=Ā. vs attested=P. Ā.	254463.1
sTag	स्थग्	1	P.	P.	sTaga~	saMvaraRe	to cover, hide, conceal	sTagayati		255154
stak	स्तक्	1	P.	P.	staka~	hiMsAyAm	to strike against	stakati		254306
sTal	स्थल्	1	P.	P.	sTala~		(connected with √ ) cl. 1. P. , to stand firm, be firm	sTA|sTalati		255204
stam	स्तम्	1	P.	P.	stama~		to be disturbed	samayati|stamayati		232986.1
stamB	स्तम्भ्	1	Ā.	P. Ā.	stamBa~\	DAraRe	to fix firmly, support, sustain, prop (esp. the heavens)	staByate|astamBi|staBAyati|stamBayati|°te	voice cp=Ā. vs attested=P. Ā.	254463
stan	स्तन्	1	P.	P. Ā.	stana~	Sabde	to resound, reverberate, roar, thunder, &c. &c.	stanayati|atizwanat|stanayati|tistanizati|taMstanyate	voice cp=P. vs attested=P. Ā.	254307
stE	स्तै	1	P.		stE		to put on, adorn (v.l. for √ , q.v.)	stAyat		254884
step	स्तेप्	1	Ā.	P.	stepa~\	kzaraRe	to flow	stepayati	voice cp=Ā. vs attested=P.	254882
stfkz	स्तृक्ष्	1	P.	P.	stfkza~	gatO	(cf. √ ) cl. 1. P. , to go	tfkz|stfkzati		254868
stip	स्तिप्	1	Ā.	Ā.	stipa~\	kzaraRe	(cf. ) cl. 1. Ā. , to ooze, drip, drop	step|stepate		254591
sTir	स्थिर्	1	P.	P.	sTira~		to stand firmly (in an etymol. explanation)	sTirati		255900
stuB	स्तुभ्	1	P. Ā.	P. Ā.	stuBa~^	BAzAyAm	to utter a joyful sound, hum, make a succession of exclamations, shout (esp. app	stoBate|stamBe|stoBayati|atuzwuBat		254799
stuc	स्तुच्	1	Ā.	Ā.	stuca~\		to be bright or propitious ()	stocate|prasAde		254797
su	सु	1	P. Ā.	P.	su^	gatO	P. , , to go, move, ( ).	savati|°te|sru	voice cp=P. Ā. vs attested=P.	245236
su	सु	1			su	preraRe	to urge, impel, incite			245237
Su	शु	1	P.		Su	gatO	to go &c.	Sav		218744
sUd	सूद्	1	Ā.	P. Ā.	sUda~\		to put or keep in order, guide aright	sUdayati|°te|sUdayAna|asUzudat|°ta	voice cp=Ā. vs attested=P. Ā.	251301
SuD	शुध्	1	P. Ā.	P. Ā.	SuDi~^		to purify (Ā. ‘one's self’, become or be pure)	SuDyati|°te|SuSoDa|aSuDat|SodDA	attested has nasal → i~ (idit)	219366
SumB	शुम्भ्	1	Ā.	P. Ā.	SumBa~\	dIptO	to beautify, embellish, adorn, beautify one's self. (Ā.) look beautiful or hands	yaTA|SumBate|SuBAna|SumBamAna|pra-√ SumB	voice cp=Ā. vs attested=P. Ā.	219616.1
SumB	शुम्भ्	1	P.	P.	SumBa~	hiMsAyAm	(for See √ ) cl. 1. P. , to kill, harm, injure (cf. √ , ).	SuB|SumBati|SuB|ni-√ SuB		219846
SuRq	शुण्ड्	1	P.	P.	SuRqa~	Bedane	to break, crush, disturb, vex, torment	SuRqati		219331
SuRW	शुण्ठ्	1	P.	P.	SuRWa~		to limp, be lame	SozaRe|SuRWayati|SozaRe		219320
sUz	सूष्	1	P.		sUza~		to bring forth			251832
svad	स्वद्	1	P. Ā.	P. Ā.	svada~^	AsvAdane	to taste well, be sweet or pleasant to (dat. or gen.), &c. &c.	svAdati|°te|KAd|svadayati|°te		258787
svaj	स्वज्	1	Ā.	P. Ā.	svaji~\		to embrace, clasp, encircle, twist or wind round, ; &c.	svajate|asvaYji|svaYjayati|asizvaYjat|sisvaNkzate	attested has nasal → i~ (idit); voice cp=Ā. vs attested=P. Ā.	258776
Svaj	श्वज्	1	Ā.	Ā.	Svaji~\	gatO	to go, move, ()	Svajate|SvaYjate	attested has nasal → i~ (idit)	224191
svaNg	स्वङ्ग्	1	P.	P.	svaNga~	gatO	to go, move	SvaNgati|SvaNg|svaNgati		224189.2
SvaNg	श्वङ्ग्	1	P.	P.	SvaNga~	gatO	to go, move	SvaNgati		224189
svaNk	स्वङ्क्	1	Ā.		svaNka~\	gatO	to go, move	SvaNkate		224188.2
SvaNk	श्वङ्क्	1	Ā.	Ā.	SvaNka~\	gatO	to go, move	SvaNkate		224188
svar	स्वर्	1	P.	P.	svara~	dIptO	(prob. = a lost √ ; cf. √ ), cl. 1. P. , Caus. , to shine.	sur|svf|svarati|svarayati		259079
SvAtr	श्वात्र्	1	P.	P.	SvAtra~	gatO	to go, move	SvAtrati		224466
SvaYc	श्वञ्च्	1	Ā.	P.	SvaYca~\		to become open, open (intrans.), receive with open arms (only )	SaSvacE|SvaYcayati|uc-CvaYc	voice cp=Ā. vs attested=P.	224190.1
svaYj	स्वञ्ज्	1	Ā.	P. Ā.	svaYja~\		to embrace, clasp, encircle, twist or wind round, ; &c.	svajate|asvaYji|svaYjayati|asizvaYjat|sisvaNkzate	voice cp=Ā. vs attested=P. Ā.	258776.1
SvaYj	श्वञ्ज्	1	Ā.	Ā.	SvaYja~\	gatO	to go, move, ()	Svajate|SvaYjate		224191.1
svid	स्विद्	1	P. Ā.	P. Ā.	svida~^		to sweat, perspire, ; ; ; &c.	svedate|svedayati|asizvidat|sisvedayizati|sisvitzati		259802
Svind	श्विन्द्	1			Svinda~		to be white			224875
syad	स्यद्	1	Ā.	P. Ā.	syadi~\	gatO	to move or flow on rapidly, flow, stream, run, drive (in a carriage), rush, hast	syandayati|asizyadat|syandayADyE|sisyandizate|sisyantsate	attested has nasal → i~ (idit); voice cp=Ā. vs attested=P. Ā.	257403.1
tal	तल्	1			tala~		to accomplish (a vow)	talita		83502
tamb	तम्ब्	1			tamba~	gatO	to go	°bati		83014
taMs	तंस्	1	P. Ā.	P.	taMsa~^	gatO	to decorate, ; Ā. to decorate one's self, ; pf. ) ‘to move’, pour out (fig. a wi	taMsayati|ataMsayat|tantasyati|vi-√ taMs|kaRqv-Adi	voice cp=P. Ā. vs attested=P.	81566
tan	तन्	1			tana~		to believe in			82219
tand	तन्द्	1	Ā.		tanda~\		to become relaxed	a-tandra		82581
tandr	तन्द्र्	1	P.		tandra~	karaRe	(Subj. ) to make languid	°drat|°drayate		82582
taNg	तङ्ग्	1	P.		taNga~	gatO	to go			81651
taNk	तङ्क्	1	P.		taNka~	ardane	to live in distress			81649
tarb	तर्ब्	1	P.		tarba~	gatO	to go	°bati		83479
taRq	तण्ड्	1	Ā.		taRqa~\		(= √ ) cl. 1. Ā. , to beat	taq|°qate		81720
Tarv	थर्व्	1	P.		Tarva~	gatO	to go			89201
tfp	तृप्	1	Ā.	P. Ā.	tfpa~\		to one's self, become satiated or satisfied, be pleased with (gen. instr., or ra	satisfy|nAgnis tfpyati kAzWAnAm|atfpyan brAhmaRA DanEH|satisfy|tarpati	voice cp=Ā. vs attested=P. Ā.	86723
toq	तोड्	1			toqa~	anAdare	to disregard	°qate		87142
traMs	त्रंस्	1			traMsa~	BAzAyAm	‘to speak’ or ‘to shine’	°sati|°sayati		87411
trand	त्रन्द्	1			tranda~		to be busy			87421
traNg	त्रङ्ग्	1			traNga~		cl. 1. id.	°Nk|°NK		87413.2
traNk	त्रङ्क्	1			traNka~		cl. 1. id.	°NK|°Ng		87413
traNK	त्रङ्ख्	1			traNKa~		cl. 1. id.	°Nk|°Ng		87413.1
tras	त्रस्	1		P.	trasa~	kampane	to tremble, quiver, be afraid of (abl. gen., rarely instr.), and (p. f. ), ; ; &	tarasantI|trAsayati		87510
triNK	त्रिङ्ख्	1	P.		triNKa~		v.l. for	traNK		88598
tumb	तुम्ब्	1			tumba~	ardane	to distress,: cl. 10. , ‘id.’, or ‘to be invisible’,.	°bati|°bayati		85944
tump	तुम्प्	1			tumpa~	hiMsAyAm	to hurt	pra-stump		85943
tumP	तुम्फ्	1			tumPa~	hiMsAyAm	to hurt	pra-stump		85943.1
tund	तुन्द्	1			tunda~		to be active, (v.l.)	ni-√ tud		85892
tuqq	तुड्ड्	1	P.		tuqqa~	anAdare	to disregard			85830
tuRq	तुण्ड्	1	Ā.		tuRqa~\	hiMsAyAm	to hurt			85833
tuS	तुश्	1		Ā.	tuSa~\	kzaraRe	to drip, trickle	toSate		86263
tuS	तुश्	1			tuSa~	tfptO	to be satisfied or pleased with (instr.)			86264
tvaNg	त्वङ्ग्	1			tvaNga~	kampane	to wave, tremble, jump, leap, gallop			88990
Urd	ऊर्द्	1	Ā.		Urda~\	mAne	to measure			38104
Urv	ऊर्व्	1	P.	P.	Urva~	hiMsAyAm	&c., to kill, hurt	Urvati|UrvAMcakAra		38324
uYC	उञ्छ्	1		P.	uYCa~	uYCe	to gather, glean,;; &c.	uYCati		30615
vakk	वक्क्	1	Ā.	Ā.	vakka~\	gatO	to go, (v.l.)	vakkate		184508
vand	वन्द्	1	Ā.	P. Ā.	vanda~\	stutO	to praise, celebrate, laud, extol	vandyate|avandi|vandi|vandayati|avavandat	voice cp=Ā. vs attested=P. Ā.	186179
vaNg	वङ्ग्	1	P.		vaNga~	gatO	to go			184580
vaNG	वङ्घ्	1	Ā.		vaNGa~\	gatO	to go			184613
vaNk	वङ्क्	1	Ā.		vaNka~\	gatO	to be crooked, go crookedly	vAvakre		184348.1
vaNK	वङ्ख्	1	P.	P.	vaNKa~	gatO	(cf. √ ) cl. 1. P. , to go, move	vaK|vaNKati		184576
vANkz	वाङ्क्ष्	1	P.	P.	vANkza~		(connected with √ cf. ) cl. 1. P. , to wish, desire, long for	vAYC|kANkz|vANkzati		189801
vaqQ	वड्ढ्	1	P.	P.	vaqQa~		on, Vārtt. 12.	vaqQati		185298
varP	वर्फ्	1	P.	P.	varPa~	gatO	‘to go’ or ‘to kill’	varPati		187798
vaRq	वण्ड्	1	Ā.	P.	vaRqa~\	viBAge	to partition, share, divide	vezwane|viBAjane|vaRqayati	voice cp=Ā. vs attested=P.	185370
vaRw	वण्ट्	1		Ā.	vaRwa~\	viBAge	to some also ), to partition, apportion, share, divide	vaRwyate|vaRwyamAna		185343
vaRW	वण्ठ्	1	Ā.	Ā.	vaRWa~\	gatO	(pf. &c.), to go or move alone, go unaccompanied	vaRWate|vavaRWe		185356
vaS	वश्	1		P. Ā.	vaSa~^		to will, command (p. , ‘having at command’)	uSamAna|uSat|uSAna|uSat-tama|vASayati		188394
vaww	वट्ट्	1	P.	P.	vawwa~		on, Vārtt. 12.	vawwati		185252
vAYC	वाञ्छ्	1	P.	P.	vAYCa~		to Gr. also pf. ; aor. ; fut. , &c.)	-vAYCayati|aBi-√ vAYC		190461
vazk	वष्क्	1	Ā.	Ā.	vazka~\	gatO	to go, (v.l. for ).	vazkate|vask		188557
veD	वेध्	1	Ā.	Ā.	veDa~\	kampane	(= ) cl. 1. Ā. , to tremble, quake	vyaT|veDate		206156
vehl	वेह्ल्	1	P.	P.	vehla~		v.l. for √	vehlati|vell		206543
vewy	वेट्य्	1	P.	P.	vewya~		(v.l. ) cl. 1. P. , ‘to be wicked’ or ‘to sleep’ () g. .	vedy|vewyati|DOrtye svapne ca|kaRqv-Adi		205421
vfj	वृज्	1		P. Ā.	vfji~^		() (Ved. and also and ; Impv. ; , ; pf. , ; aor. , ; , , Pot. , ; , ; , , ; , ; 	vfkte|varjate|vfNkte|vfNktAm|vfNgDvam	attested has nasal → i~ (idit)	204309
vIj	वीज्	1	P. Ā.	P. Ā.	vIja~^		to fan, cool by blowing upon or fanning	vIjayati|vIjyate		203453
vrIq	व्रीड्	1	Ā.	P.	vrIqa~\		to also cl. 4. P. ; pf. Gr.; aor. , ; fut. , , )	vrIqayati|vIqayati|vIq	voice cp=Ā. vs attested=P.	210765
vrUs	व्रूस्	1		P.	vrUsa~	hiMsAyAm	(also written , or ; v.l. ) cl. 1. 10. P. , , to hurt, kill	vrUz|brUs|vrIs|vrUsati|vrUsayati		210819
vuNg	वुङ्ग्	1	P.		vuNga~	varjane	to forsake, abandon	buNgati|buNg		145554.1
wOk	टौक्	1	Ā.		wOka~\		v.l. for √ .	QOk		81299
yakz	यक्ष्	1	P. Ā.	P. Ā.	yakza~^	pUjAyAm	(perhaps Desid. of a √ , from which and ) cl. 1. Ā. P. , , (prob.) to be quick, 	yah|yahu|yahva|yakzati|°te		169014
yantr	यन्त्र्	1	P.		yantra~	banDane	to restrain, curb, bind ()			170247
yuD	युध्	1	P.	P. Ā.	yuDa~		to fight, wage war, oppose or (rarely) overcome in battle	saha|samam|yuDyati|yuDyate|yoDayati	voice cp=P. vs attested=P. Ā.	172012
yuNg	युङ्ग्	1	P.	P.	yuNga~	varjane	to desert, relinquish, abandon	yuNgati		171727
zazk	षष्क्	1	P.	P.	zazka~	gatO	(cf. √ ), cl. 1. P. , to go, move	zvazk|zazkati		225508
zukk	षुक्क्	1	Ā.	Ā.	zukka~\	gatO	to go, move, (v.l.)	zukkate		225553
zWIv	ष्ठीव्	1		P. Ā.	zWIva~^		to spit, spit out, expectorate, spit upon (loc.)	zWIvyate|azWevi|zWevayati|awizWivat|atizWivat		225563.1
anUde	अनूदे	2	P.		anUde	gatO	() cl. 2. P. , to rise or come up after, &c.	-A-√ i|anUd-Eti		7725
anvatI	अन्वती	2	P.		anvatI		(√ ) cl. 2. P. , to pass over to, follow	i|-atyeti		8735
anvave	अन्ववे	2	P.		anvave		(√ ) cl. 2. P. , to follow, walk up to or get into.	i|-avEti		8797
anve	अन्वे	2	P.		anve	gatO	() cl. 2. P. , to come after, to follow as an adherent or attendant,, &c.	A-√ i|-Eti		8927
atI	अती	2	P.	Ā.	atI		to pass by, elapse, pass over, overflow	aty-etavE|atIyate	voice cp=P. vs attested=Ā.	3316
Bf	भृ	2	P. Ā.	P. Ā.	Bf^		P. () ( only, )	biBarti|biBarti|biBfte|Barti|biBrat		152494
cit	चित्	2	Ā.	P. Ā.	cit\	grahaRe	to perceive, fix the mind upon, attend to, be attentive, observe, take notice of	cetayati|°te|cetayaDvam|cetayat|cetayeTAm	voice cp=Ā. vs attested=P. Ā.	73474
DA	धा	2	P.	P. Ā.	DA		rarely cl. 1. Ā. P.	daDati|°te|DAti|DAyeta|daDO	voice cp=P. vs attested=P. Ā.	100607
dAS	दाश्	2		P.	dAS	pUjAyAm	to serve or honour a god (dat. or acc.) with (instr.), ; &c.	dASayati		91851
dF	दॄ	2	P. Ā.	P. Ā.	dF^		2. sg. Subj. , 2. 3. sg. impf. 2. sg. , (pf. , aor. , Sch.; Subj. P. , ; Ā. ; Po	darzi|dart|adar|dadAra|adarat		95496
do	दो	2		P. Ā.	do^		&c. (pf. 3. pl. Ā. , ; aor. and , ; Prec. , ; , ; , ; cf. )	dyati|-dadire|adAsIt|adAt|deyAt		96951
DrA	ध्रा	2		P.	DrA	gatO	or , &c. to go	DrAti|Drati|Drayati		102267
drE	द्रै	2	P.	P.	drE		( and) cl. 1. Ā. P. , (cf. ) or cl. 2. P. (pf. ,; aor. ,; fut. ,) to sleep.	drAyati|°te|ni-|drAti|-dadrO		98000
DrE	ध्रै	2		P.	DrE		to be pleased or satisfied	DrAti|DrAti|Drayati|Dra		102395
DU	धू	2	Ā.	P. Ā.	DU\		&c. &c.	Dunoti|°nute|Duvati|ni-|DUvet	voice cp=Ā. vs attested=P. Ā.	101481
DyE	ध्यै	2		P. Ā.	DyE^	cintAyAm	to think of, imagine, contemplate, meditate on, call to mind, recollect (with or	manasA|°si|cetasA|DiyA|hfdaye		102185
fD	ऋध्	2		Ā.	fD\			fDnoti|fRadDi|AnarDa|arDitA|arDizyati		38930
gA	गा	2	P. Ā.	P.	gA^	gatO	to go, go towards, come, approach (with acc. or loc.), ; &c.	jigAti|jigIzati	voice cp=P. Ā. vs attested=P.	64493
gam	गम्	2	P.	P. Ā.	gam	gatO	to go, move, go away, set out, come, &c.	prati|kAle gacCati|mitratAM gacCati|jAnuByAm avanIM-√ gam|DaraRIM mUrDnA-√ gam	voice cp=P. vs attested=P. Ā.	63409
gE	गै	2		P. Ā.	gE^	BAzAyAm	to sing, speak or recite in a singing manner, sing to (dat. ), praise in song (w	gIyate|°yamAna|jage|gApayati|gAyayeyur		66852
glE	ग्लै	2	P. Ā.	P.	glE^	karaRe	to feel aversion or dislike, be averse or reluctant or unwilling or disinclined 	glapayati|-glApayati|ava-|pra-|vi-	voice cp=P. Ā. vs attested=P.	69170
GrA	घ्रा	2	P.	P. Ā.	GrA	jYAne	to smell, perceive odour	GrApayati|ajiGrapat|°Grip°|jeGrIyate	voice cp=P. vs attested=P. Ā.	70246
jan	जन्	2	Ā.	P. Ā.	jan\		to generate, beget, produce, create, cause, ; &c.	jAyate|°ti|ajAyata|jayamAna|janizyate	voice cp=Ā. vs attested=P. Ā.	76735
jAtavedas	जातवेदस्	2			jAtavedas		(), (fr. √ , cl. 6) ‘having whatever is born or created as his property’, ‘all-p	°ta-|vid|vid		78614
kaMs	कंस्	2	Ā.		kaMs\	gatO	to go			41369
kf	कृ	2	P. Ā.	P. Ā.	kf^	karaRe	to do, make, perform, accomplish, cause, effect, prepare, undertake, &c.	varzARi daSa cakruH|kzaRaM kuru|kftakzaRa|arDaM-√ kf|arDa		54148
kU	कू	2	P.	Ā.	kU	gatO	to sound, make any noise, cry out, moan, cry (as a bird), coo, hum (as a bee) &c	kavate|kokUyate|kokavIti|cokUyate	voice cp=P. vs attested=Ā.	53778
kzam	क्षम्	2	P.	P. Ā.	kzam		to be patient or composed, suppress anger, keep quiet, ; ; &c.	kzamasva me tad|kzamayati|kzAmayate|kzamayAm Asa|kzamApaya	voice cp=P. vs attested=P. Ā.	59030
kzar	क्षर्	2	P.	P.	kzar	kzaraRe	to flow, stream, glide, distil, trickle, ; ; ; &c.	mUtram|cakzAra|kzArayati|kzAra|kzArita		59141
kzi	क्षि	2		P.	kzi		(3. du. , 3. pl. ; Subj. 2. sg. , 2. sg. , 3. du. , 1. pl. ; pr. p. ; aor. Subj.	kzitas|kziyanti|kzayat|kzayas|kzayatas		59272
nU	नू	2		P. Ā.	nU^	Sabde	to sound, shout, exult	nUyate|nAvayati|anUnavat|nunUzati|nunAvayizati		111762.1
pfYj	पृञ्ज्	2	Ā.		pfYj\		.	parjanya		128327.1
pi	पि	2	Ā.		pi\	vfdDO	to swell, overflow, be exuberant, abound, increase, grow			124606.1
pI	पी	2	Ā.		pI\	vfdDO	to swell, overflow, be exuberant, abound, increase, grow			124606
piYj	पिञ्ज्	2	Ā.	P.	piYj\		to tinge, dye, paint	pfc|piYjayati	voice cp=Ā. vs attested=P.	123559
pre	प्रे	2	P. Ā.	Ā.	pre^	gatO	to come forth, appear, begin	asmAl lokAt|itas|preyate	voice cp=P. Ā. vs attested=Ā.	140888
rAs	रास्	2	P. Ā.	P. Ā.	rAs^	dAne	() (Ved. also Ā. ; Impv. , , ; p. ; 3. sg. and ; pf. , ; aor. Subj. &c. Pot. ; C	rAti|rAte|rirIhi|rarAsva|rariDvam		176008.1
rih	रिह्	2	P. Ā.	P. Ā.	rih^	snehane	to lick, kiss, caress	rihati|ririqQi|rirIhi|riP|rerihyate		178173
sas	सस्	2	P.	P. Ā.	sas		to sleep, &c. (cf. above)	sAsayati|asIzasat|sisasizati|sAsasyate|sAsasti	voice cp=P. vs attested=P. Ā.	239787
SiYj	शिञ्ज्	2	Ā.	Ā.	SiYj\	BAzAyAm	() (accord. to also cl. 1. 10. Ā. , ; pr. p. , or; pf. Gr.; aor. ,; fut. , ,), t	SiNkte|SiYjate|SiYjayate|SiYjAna|SiYjat		216845
snA	स्ना	2	P.	P. Ā.	snA	karaRe	to bathe, perform the ceremony of bathing or certain prescribed oblations (esp. 	avaBfTam|snAyate|asnAyi|snApayati|snapayati	voice cp=P. vs attested=P. Ā.	256200
snu	स्नु	2	P.	P. Ā.	snu		to also ; only in pres. base; Gr. also pf. , ; fut. or &c.)	pra-√ snu|snAvayati|asuzRavat|sisnAvayizati|susnAvayizati	voice cp=P. vs attested=P. Ā.	256456
SrE	श्रै	2	P.	P. Ā.	SrE		to also cl. 2. P. ; pf. ; aor. ; Prec. or inf. Gr.)	SrAyate|aSrAyi|Srapayati|°te|aSiSrapat	voice cp=P. vs attested=P. Ā.	222686.1
stu	स्तु	2	P. Ā.	P. Ā.	stu^	stutO	to praise, laud, eulogize, extol, celebrate in song or hymns (in ritual, ‘to cha	stUyate|astAvi|stAyamAna|mfn|stAvayati		254632
su	सु	2	P.		su	preraRe	to urge, impel, incite			245237
sU	सू	2	Ā.	P. Ā.	sU\	DAraRe	to beget, procreate, bring forth, bear, produce, yield, &c. &c.	sUyate|asAvi|sAvayati|-susUzati	voice cp=Ā. vs attested=P. Ā.	250739
svap	स्वप्	2	P.	P. Ā.	svap	patane	to sleep, fall asleep (with , ‘to sleep for a hundred years, sleep the eternal s	varza-Satam|supyate|asvApi|svApayati|svapayati	voice cp=P. vs attested=P. Ā.	258948
tak	तक्	2			tak		to rush along			81570
takz	तक्ष्	2		P.	takz		to form by cutting, plane, chisel, chop, &c.	tvac|takzayati|atatakzat|tvakz		81602
u	उ	2	Ā.		u\		to call to, hail	ota|A-uta		30001
anvf	अन्वृ	3	P. Ā.		anvf^		(cl. 3. P. ) aor. Ā. , to follow in rising	-iyarti|-arta		8923
ci	चि	3	Ā.		ci\	jYAne	to observe, perceive (with acc. or gen.)	cinoti|°nvat|°nvAna|ci|cekite		73362
cit	चित्	3	P. Ā.	P. Ā.	cit^	grahaRe	to perceive, fix the mind upon, attend to, be attentive, observe, take notice of	cetayati|°te|cetayaDvam|cetayat|cetayeTAm		73474
dI	दी	3	P. Ā.		dI^	dIptO	to shine, be bright			92646
DI	धी	3	Ā.		DI\		to √ 1. ; pf. , , or , , ; ; )	deDyat		101254
diS	दिश्	3	P.	P. Ā.	diS		to point out, show, exhibit	diSyate|deSayati|°te|adIdiSat|didikzati	voice cp=P. vs attested=P. Ā.	92472
gam	गम्	3	P.	P. Ā.	gam	gatO	to go, move, go away, set out, come, &c.	prati|kAle gacCati|mitratAM gacCati|jAnuByAm avanIM-√ gam|DaraRIM mUrDnA-√ gam	voice cp=P. vs attested=P. Ā.	63409
gE	गै	3	P.	P. Ā.	gE	BAzAyAm	to sing, speak or recite in a singing manner, sing to (dat. ), praise in song (w	gIyate|°yamAna|jage|gApayati|gAyayeyur	voice cp=P. vs attested=P. Ā.	66852
GrA	घ्रा	3	P. Ā.	P. Ā.	GrA^	jYAne	to smell, perceive odour	GrApayati|ajiGrapat|°Grip°|jeGrIyate		70246
juz	जुष्	3	P.		juz		to be pleased or satisfied or favourable, ; &c.	tanvAm|°vas|jozayAse		80017
jYA	ज्ञा	3	P. Ā.	P. Ā.	jYA^	jYAne	to know, have knowledge, become acquainted with (acc.; rarely gen. ; ), perceive	tasya mAM tanayAM jAnIta|mfzA|sarpizo|jYapayati|jYAp°		80318
kf	कृ	3	P. Ā.		kf^	BAzAyAm	to make mention of, praise, speak highly of (gen.)	carkarmi|carkirAma|carkiran|carkftAt|carkfDi		54683
mad	मद्	3	P. Ā.	P. Ā.	mad^	prIRane	to rejoice, be glad, exult, delight or revel in (instr. gen. loc., rarely acc.),	mAdayati|°te|amImadat|amamadat|mAdayaDyE		155288
pA	पा	3	Ā.		pA\	darSane	add √ , cl. 3. Ā. , to rise against, be hostile (see √ , p. 41; , p. 181; √ , p.	pA|pIpIte|anUt-|pA|ut-pA		120944.1
pfc	पृच्	3	P. Ā.		pfc^	saNGAte	to mix, mingle, put together with (instr., rarely loc.; , ‘to fix the arrow upon	DanuzA Saram|pF|pfj		128314
pi	पि	3	P. Ā.		pi^	vfdDO	to swell, overflow, be exuberant, abound, increase, grow			124606.1
pI	पी	3	P. Ā.		pI^	vfdDO	to swell, overflow, be exuberant, abound, increase, grow			124606
Si	शि	3	P.	P.	Si	dAne	to some = √ ) cl. 3. P. (Impv. , ), to grant, bestow	satisfy|Sinoti|Sinute|SizAya|Sizye		216481
So	शो	3	P. Ā.	P. Ā.	So^		to whet, sharpen (Ā. ‘one's own’ weapons or horns)	SAyate|SAyayati|SiSAsati|SASAyate|SaSeti		221333
tF	तॄ	3		P.	tF		to pass across or over, cross over (a river), sail across, &c.	tArayati|°rayat|titIrzati|titarizati|°rIz°		86817
vac	वच्	3	P. Ā.	P. Ā.	vac^	BAzAyAm	to speak, say, tell, utter, announce, declare, mention, proclaim, recite, descri	prati|tam idaM vAkyam uvAca|punar|ucyate|avAci		184615
vaS	वश्	3		P. Ā.	vaS^		to will, command (p. , ‘having at command’)	uSamAna|uSat|uSAna|uSat-tama|vASayati		188394
vyac	व्यच्	3		P. Ā.	vyac^	vezwane	to encompass, embrace, comprehend, contain	vicati|vyAcayati|avivyacat|vivyacizati|vevicyate		208354
yu	यु	3	P. Ā.	P.	yu^	viBAge	to separate, keep or drive away, ward off (acc.), exclude or protect from (abl.)	yavayati|yAvayati|yoyavIti|ayoyavIt|yoyuvat	voice cp=P. Ā. vs attested=P.	171682
aDyavaso	अध्यवसो	4	P.		aDyavaso		to undertake, attempt, accomplish			4609
Ar	आर्	4	P.	P.	Ara~	stutO	to praise, and (perhaps connected with √ ).	Aryanti|f		25983
banD	बन्ध्	4	P. Ā.	P. Ā.	banDa~^	banDane	to bind, tie, fix, fasten, chain, fetter, &c. &c.	baDyate|°ti|banDayati|ababanDat|bADayati		142512
BlAS	भ्लाश्	4	Ā.	Ā.	BlASa~\	dIptO	(connected with √ ), cl. 1. Ā. 4. , (pf. , or &c.), to shine, beam, glitter	BrAS|BlASate|°Syate|baBlASe|BleSe		153863
BraS	भ्रश्	4	P. Ā.	P. Ā.	BraSi~^	patane	to fall, drop, fall down or out or in pieces, &c. &c.	BraMSayati|BrASayati|BrASya|ni-√ BraMS|abaBraMSat	attested has nasal → i~ (idit)	153448.1
BrAs	भ्रास्	4	Ā.	P. Ā.	BrAsa~\	dIptO	to shine, glitter	BrASayati|abaBrASat|abiBraSat|biBrASizate|bABrASyate	voice cp=Ā. vs attested=P. Ā.	153761.1
BrAS	भ्राश्	4	Ā.	P. Ā.	BrASa~\	dIptO	to shine, glitter	BrASayati|abaBrASat|abiBraSat|biBrASizate|bABrASyate	voice cp=Ā. vs attested=P. Ā.	153761
dA	दा	4	P.	P.	dA	banDane	(cf. √ ), to bind, only in , .	dyati|A-|dA|dIzva		91425
DA	धा	4	P. Ā.	P. Ā.	DA^		rarely cl. 1. Ā. P.	daDati|°te|DAti|DAyeta|daDO		100607
daG	दघ्	4		P.	daGa~	patane	to fall short of	aDas|daNG|daGyati|ati-|A-		89565
dfh	दृह्	4	P. Ā.	P. Ā.	dfhi~^	karaRe	to make firm, fix, strengthen, ; ; &c. (p. , )	°te|dfMheTe|dfMhAmahE|dfhya|°hyasva	attested has nasal → i~ (idit)	95068.1
dfMh	दृंह्	4	P. Ā.	P. Ā.	dfMha~^	karaRe	to make firm, fix, strengthen, ; ; &c. (p. , )	°te|dfMheTe|dfMhAmahE|dfhya|°hyasva		95068
du	दु	4	Ā.	P. Ā.	du\		to be burnt, to be consumed with internal heat or sorrow (Pres. , ; ; ; but ofte	dunoti|dUyate|dunoti|dAvayati|adUduvat	voice cp=Ā. vs attested=P. Ā.	93282
duh	दुह्	4	Ā.	P. Ā.	duha~\		or , &c. (pl. Ā. , &c.; , &c.; , &c.; impf. P. , ; , &c.; Ā. pl. , ; 3. sg. , pl	dugDe|duhe|duhate|duhrate|duhre	voice cp=Ā. vs attested=P. Ā.	94848
fYj	ऋञ्ज्	4	P. Ā.		fYja~^	karaRe	to make straight or right, make proper, arrange, fit out, decorate, ornament			38849
gaD	गध्	4		P.	gaDa~		to be mixed	gaDyati		62957
gur	गुर्	4		Ā.	gura~\	karaRe	to raise, lift up (or ‘to make effort’)	ati-|apa-|aBi-|ava-|A-		65978
jur	जुर्	4			jura~	vayohAnO	to become old or decrepit, decay, perish, -	a-jurya		80005
jyA	ज्या	4	Ā.	P. Ā.	jyA\		to overpower, oppress, deprive any one (acc.) of property (acc.), ; &c.	jyAyas|jIyate|°yate|sarva-jyAnim|jyApayati	voice cp=Ā. vs attested=P. Ā.	80523
kram	क्रम्	4	P. Ā.	P. Ā.	krama~^	gatO	to step, walk, go, go towards, approach (with , acc. or loc.), ; ; &c.	acCa|aDi|krAntvA|a-krAnta|kramayati		57749
kuts	कुत्स्	4	P.	P.	kutsa~	anAdare	(perhaps related to ) cl. 10. P.; rarely cl. 1. P. , and; once cl. 4. P. ,], to 	kutas|kutsayati|°yate|kutsati|kutsyati		52017
kuw	कुट्	4	P.	P. Ā.	kuwa~	kOwilye	to become crooked or curved, bend, curve, curl	kuwyati|kowayate|kuww|kuRw	voice cp=P. vs attested=P. Ā.	51515
kziv	क्षिव्	4	P.		kziva~		to eject from the mouth, spit, vomit, (v.l. )	zWiv|kzIb		59649
kzviq	क्ष्विड्	4	P.	P. Ā.	kzviqa~	ArdrIBAve	to be wet or unctuous, exude, emit sap, cl. 4. P. id.	kzveqate|kzvedate|kzvidyati	voice cp=P. vs attested=P. Ā.	60652
laz	लष्	4	P. Ā.	P. Ā.	laza~^		to wish, desire, long for (acc.), ; &c. (mostly with prep. )	aBi|lAzayati|alIlazat|las|lilazizati		181985
mfc	मृच्	4	P.	P.	mfca~	hiMsAyAm	(cf. √ ) cl. 10. P. (cl. 4. P.; Prec. ), to hurt, injure, annoy,;;	marc|marcayati|mfcyati|mfkzIzwa		167114
mfg	मृग्	4	P.		mfga~		to chase, hunt, pursue, &c. &c.	-tas|sakASAt		166791
mind	मिन्द्	4	P.	P.	minda~	vfdDO	to grow fat	mindayati|medayati|mitra		164438.1
mis	मिस्	4	P.	P.	misa~	gatO	to go	misyati		164568
mrit	म्रित्	4	P.	P.	mrita~	vayohAnO	to decay, be dissolved	mrityati		168890
naK	नख्	4		P.	naKa~	gatO	and , to go, move,;	naKyati|naKati|naNKati		102937
naNK	नङ्ख्	4		P.	naNKa~	gatO	and , to go, move,;	naKyati|naKati|naNKati|naK		102937.1
pac	पच्	4	Ā.	P. Ā.	paca~\	pAke	to cook, bake, roast, boil (Ā. also ‘for one's self’), &c. &c.	tandulAn odanam pacati|puRyApuRyaM suKAsuKam|pacyate|°ti|apAci	voice cp=Ā. vs attested=P. Ā.	113414
pat	पत्	4	Ā.		pata~\	pAlane	to be master, reign, rule, govern, control, own, possess, dispose of (acc. or in	pati		114697
pis	पिस्	4	P.	P.	pisa~		to stretch, expand	pesati|pesayati|piz		124600
plus	प्लुस्	4	P.		plusa~	dAhe	to burn, (v.l. for )			141577
pruz	प्रुष्	4	P.	P.	pruza~	secane	to sprinkle, shower, wet, moisten	pruzAyati|°te|pruzRAti|pruzRat|pruzyati		140871
qimB	डिम्भ्	4		P. Ā.	qimBa~^	kzepe	to heap together, : cl. 4. 10. 6. P. , , (v.l. ,) Ā. , to throw	qepayate|qimp°|qimB°|qipyati|qipati		81417.2
qimp	डिम्प्	4		P. Ā.	qimpa~^	kzepe	to heap together, : cl. 4. 10. 6. P. , , (v.l. ,) Ā. , to throw	qepayate|qimp°|qimB°|qipyati|qipati		81417.1
raj	रज्	4	P. Ā.	P. Ā.	raji~^	darSane	See √ .	raYj|rajati|°te|rajayati|raYjayati	attested has nasal → i~ (idit)	173300
ran	रन्	4	P.	P.	rana~	grahaRe	to rejoice, be pleased, take pleasure in (loc., rarely acc.)	raRqyati|°te|rAraRat|rAran|rAranDi		174075.1
ranD	रन्ध्	4	P.	P. Ā.	ranDa~		to become subject to (dat.), be subdued or overthrown, succumb	rAD|ranDayati|°te|rIraDat|araranDat	voice cp=P. vs attested=P. Ā.	174809.1
raR	रण्	4	P.	P.	raRa~	grahaRe	to rejoice, be pleased, take pleasure in (loc., rarely acc.)	raRqyati|°te|rAraRat|rAran|rAranDi		174075
ri	रि	4	P. Ā.	P. Ā.	ri^	gatO	to release, set free, let go	repayati|arIripat|rirIzati|°te|rerIyate		178179.1
ric	रिच्	4	Ā.	P. Ā.	rica~\		(cf. Pass.) (ep. also ; pf. , , &c. &c.: , , ; p. , , ; aor. , ; , ; ; , ; fut. 	ricyate|°ti|rireca|ririce|riricyAm	voice cp=Ā. vs attested=P. Ā.	177975
sAD	साध्	4		P. Ā.	sADa~^		accord. to and , cl. 4. , cl. 5. (in also ; pf. ; aor. ; fut. , ; inf. , in late	sADyati|sADnoti|saDnoti|sasADa|asAtsIt		241500
sah	सह्	4	P.		saha~	prIRane	to , delight	satisfy|sah		240101
SI	शी	4	Ā.	Ā.	SI\	patane	(connected with √ ; cf.) cl. 4. Ā. , to fall out or away, disappear, vanish,;	Sad|SIyate		218176
siD	सिध्	4	P.	P. Ā.	siDa~		to be accomplished or fulfilled or effected or settled, be successful, succeed, 	seDayati|asIziDat|sADayati|saD°|sizitsati	voice cp=P. vs attested=P. Ā.	244301
Sim	शिम्	4	P.	P.	Sima~	Cedane	(= √ ) cl. 4. P. , to cut up, prepare (a sacrificial victim),;	Sam|Simyati		217043
siv	सिव्	4	P.	P. Ā.	siva~	saNGAte	to sew, sew on, darn, stitch, stitch together, (fig.) join, unite, &c. &c.	sIvayati|sevayati|asIzivat|sisevizati|susyUzati	voice cp=P. vs attested=P. Ā.	244996
snA	स्ना	4	P. Ā.	P. Ā.	snA^	karaRe	to bathe, perform the ceremony of bathing or certain prescribed oblations (esp. 	avaBfTam|snAyate|asnAyi|snApayati|snapayati		256200
snih	स्निह्	4	P.	P. Ā.	sniha~		to be adhesive or sticky or glutinous or viscid or moist	snehati|snihyate|asnehi|snehayati|asizRihat	voice cp=P. vs attested=P. Ā.	256298
snuh	स्नुह्	4	P.		snuha~		to vomit	snih|snUhan		256475
snus	स्नुस्	4	P.		snusa~	BakzaRe	to eat			256474
so	सो	4	P.	P. Ā.	so	hiMsAyAm	to destroy, kill, finish	sIyate|asAyi|sAyayati|sApayati|sizAsati	voice cp=P. vs attested=P. Ā.	252524
SrA	श्रा	4	P.	P. Ā.	SrA		to also cl. 2. P. ; pf. ; aor. ; Prec. or inf. Gr.)	SrAyate|aSrAyi|Srapayati|°te|aSiSrapat	voice cp=P. vs attested=P. Ā.	222686
SrE	श्रै	4	P.	P. Ā.	SrE		to also cl. 2. P. ; pf. ; aor. ; Prec. or inf. Gr.)	SrAyate|aSrAyi|Srapayati|°te|aSiSrapat	voice cp=P. vs attested=P. Ā.	222686.1
srIv	स्रीव्	4	P.	P. Ā.	srIva~		to fail, turn out badly	garBam|srevayati|srIvayati|sisrevizati|susrUzati	voice cp=P. vs attested=P. Ā.	257618.1
stIm	स्तीम्	4	P.		stIma~		to be or become wet or moist	stim		254599.1
stUp	स्तूप्	4		P.	stUpa~		(prob. invented as a root for below) cl. 4. 10. P. , or , to heap up, pile, erec	stUpa|stUpyati|stUpayati		254826
SUl	शूल्	4	P. Ā.	P. Ā.	SUla~^	Sabde	(rather Nom. fr. next) cl. 1. P. , to hurt, cause pain (), (only occurring in Ā.	SUlati|SUlate|SUlyati|°te|saMGoze		220376
SunD	शुन्ध्	4	P. Ā.	P. Ā.	SunDa~^		to purify (Ā. ‘one's self’, become or be pure)	SuDyati|°te|SuSoDa|aSuDat|SodDA		219366.1
tan	तन्	4			tana~	Sabde	to resound, roar			82220
truw	त्रुट्	4	Ā.	P.	truwa~\	Cedane	to be torn or split, tear, break, fall asunder	trowayati|°yitvA|°yate|ut-	voice cp=Ā. vs attested=P.	88608
tur	तुर्	4	Ā.	P. Ā.	tura~\		to hurry, press forwards, (p. ), (Ā. ) : cl. 4. (Imper. )	tutorti|turayate|°rayat|tUtUrzati|tarturARa	voice cp=Ā. vs attested=P. Ā.	85972
vI	वी	4	P. Ā.	Ā.	vI^	gatO	to go apart or in different directions, diverge, be diffused or scattered or dis	vIyate	voice cp=P. Ā. vs attested=Ā.	203350
zWIv	ष्ठीव्	4	P.	P. Ā.	zWIva~		to spit, spit out, expectorate, spit upon (loc.)	zWIvyate|azWevi|zWevayati|awizWivat|atizWivat	voice cp=P. vs attested=P. Ā.	225563.1
akz	अक्ष्	5		P.	akz	vyAptO	to reach	akzayati|Acikzat|acikzizati|acikzati|akzRute		423
anvaS	अन्वश्	5	P. Ā.		anvaS^	gatO	Ā , , to reach, come up to, equal,;	-aSnoti|-nute		8802
caG	चघ्	5			caG	hiMsAyAm	to smite or slay, kill	°Gnoti		70734
daB	दभ्	5	Ā.	P. Ā.	daB\	hiMsAyAm	to hurt, injure, destroy	dameBayat|°yas|°ya|damBayati|dAB°	voice cp=Ā. vs attested=P. Ā.	90227
damB	दम्भ्	5	Ā.	P. Ā.	damB\	hiMsAyAm	to hurt, injure, destroy	damBayat|°yas|°ya|damBayati|dAB°	voice cp=Ā. vs attested=P. Ā.	90227.1
dAs	दास्	5	P.	P.	dAs	hiMsAyAm	P. , , to give () cl. 5. P. (v.l. for ,; ib.), to hurt, injure. (There occurs on	dAsati|°te|dAsnoti|dAS|dAsati		91919
Di	धि	5	P.		Di	pAlane	to nourish, satiate	satisfy		101191
Dinv	धिन्व्	5	P.		Dinv	pAlane	to nourish, satiate	satisfy		101191.1
dru	द्रु	5	P.		dru	hiMsAyAm	to hurt, injure	drU		97845
drU	द्रू	5	P.		drU	kzepe	to hurl, throw, (v.l. )	drURoti		97987
dU	दू	5	P.	P. Ā.	dU		to be burnt, to be consumed with internal heat or sorrow (Pres. , ; ; ; but ofte	dunoti|dUyate|dunoti|dAvayati|adUduvat	voice cp=P. vs attested=P. Ā.	93282.1
f	ऋ	5	P. Ā.		f^	gatO	and , to go, move, rise, tend upwards, ; &c.	Ara|arizyati|Arat|ArzIt|iyarti vAcam		38410
Gf	घृ	5			Gf	dIptO	to shine, burn, : cl. 5. (or cl. 8. fr. √ ) Ā. P. , or , id.,.	jiGarti|GfR|GfRoti|°Rute|GarRoti		70066
kF	कॄ	5		P.	kF	hiMsAyAm	to hurt, injure, kill	kfRvati		55568
kzuB	क्षुभ्	5	P.	P.	kzuB	viloqane	to shake, tremble, be agitated or disturbed, be unsteady, stumble (literally and	kzoBayati|°te|cukzoBayizu		60128
pruz	प्रुष्	5	P. Ā.	P.	pruz^	secane	to sprinkle, shower, wet, moisten	pruzAyati|°te|pruzRAti|pruzRat|pruzyati	voice cp=P. Ā. vs attested=P.	140871
saG	सघ्	5	P.		saG	grahaRe	to take upon one's self, be able to bear, be a match for (acc.)			227922
si	सि	5		P. Ā.	si^	banDane	to bind, tie, fetter	sAyayati|asIzayat|sisIzati|°te|sezIyate		243722
skaB	स्कभ्	5		P.	skaB		to also cl. 1. Ā. ; pr. p. , ; , ; pf. , 2. du. , ; p. , ; aor. Gr.; fut. , , ; 	skamBayati|acaskamBat|skamBita|skaBAyati|skaBita		254241.1
skamB	स्कम्भ्	5		P.	skamB		to also cl. 1. Ā. ; pr. p. , ; , ; pf. , 2. du. , ; p. , ; aor. Gr.; fut. , , ; 	skamBayati|acaskamBat|skamBita|skaBAyati|skaBita		254241
sku	स्कु	5		P. Ā.	sku^		(only and and , ? and ; cf. and )	skunAti|skunIte|-skunoti|-skOti|askunAt		254257
skumB	स्कुम्भ्	5			skumB	grahaRe	(in native lists written ; connected with √ ) cl. 5. 9. P. (;) , ( ind.p.]), to 	skunB|skamB|skuBnoti|skuBnoti|skuptvA		254260
Sru	श्रु	5	P. Ā.	P. Ā.	Sru^	dAne	to hear, listen or attend to anything (acc.), give ear to any one (acc. or gen.)	muKAt|SakASAt|SrUyate|°ti|SfRve		223393
staB	स्तभ्	5		P. Ā.	staB^	DAraRe	to fix firmly, support, sustain, prop (esp. the heavens)	staByate|astamBi|staBAyati|stamBayati|°te		254463.1
stamB	स्तम्भ्	5		P. Ā.	stamB^	DAraRe	to fix firmly, support, sustain, prop (esp. the heavens)	staByate|astamBi|staBAyati|stamBayati|°te		254463
stF	स्तॄ	5	P. Ā.	P. Ā.	stF^		to spread, spread out or about, strew, scatter (esp. the sacrificial grass; in t	stIryate|°ti|striyate|staryate|astAri		254842.1
stiG	स्तिघ्	5	P. Ā.		stiG^		to Ā. ; Pot. inf. ; Gr. also pf. ; aor. ; fut. , ; inf. )	ati-√ stiG|pra-√ stiG|tizwiGizati|ati-tizwiGizan		254590
stumB	स्तुम्भ्	5			stumB	stamBe	(cf. √ and ; in native lists written ) cl. 5. 9. P. , , to stop, stupefy; expel 	stamB|stuB|stunB|stuBnoti|stuBnAti		254821
su	सु	5	P. Ā.	P. Ā.	su^	karaRe	to on , also with act. sense]; aor. accord. to Gr. or , or ; in also Impv. , , a	sUyate|sunve|sunvire|asAvi|-sAvayati		245241
takz	तक्ष्	5	Ā.	P.	takz\		to form by cutting, plane, chisel, chop, &c.	tvac|takzayati|atatakzat|tvakz	voice cp=Ā. vs attested=P.	81602
tF	तॄ	5		P.	tF		to pass across or over, cross over (a river), sail across, &c.	tArayati|°rayat|titIrzati|titarizati|°rIz°		86817
tiG	तिघ्	5			tiG	hiMsAyAm	to hurt, kill (= √ ), ().	°Gnoti|tik		84749
u	उ	5	P.		u		to call to, hail	ota|A-uta		30001
anvfD	अन्वृध्	6	P.		anvfDa~	DAraRe	to carry out, accomplish	-fDati		8926
ard	अर्द्	6	P.	P.	arda~	gatO	to move, be moved, be scattered (as dust), and cl. 1. P. (, ‘to go, move’, )	ardati|ardati|ArdIt|anarda|fRatti		16095
BfS	भृश्	6	P.	P.	BfSa~	patane	to fall, fall down	BfSati		152731
Brajj	भ्रज्ज्	6	P. Ā.	P. Ā.	Brajja~^	SozaRe	to fry, parch, roast (esp. grain), ; &c.	Bfjjyate|°ti|BfjjyamAna|Barjayati|Bfj		153489
Bruq	भ्रुड्	6	P.	P.	Bruqa~	saMvaraRe	to cover or to collect,;	Bruqati		153768
buq	बुड्	6	P.		buqa~	saMvaraRe	to cover, conceal, (v.l. for )	puq		145556
cup	चुप्	6			cupa~		v.l. for √ .	Cup		74616
cuR	चुण्	6			cuRa~	Cedane	to split, cut off			74562
cuRq	चुण्ड्	6		P.	cuRqa~	Cedane	(and , ), cl. 6. 10. (), (, ), to split, cut off, : cl. 1. (, ), to become small	cuRw|cuRq|cuwati|cuRw°|cowayati		74558.02
cuRw	चुण्ट्	6		P.	cuRwa~	Cedane	(and , ), cl. 6. 10. (), (, ), to split, cut off, : cl. 1. (, ), to become small	cuRw|cuRq|cuwati|cuRw°|cowayati		74558.01
daMS	दंश्	6	Ā.	Ā.	daMSa~\		to bite, ; ; &c.	dandaSyate|°SIti|dandazwi|°daMzwi|dandaSAna		89231
druq	द्रुड्	6	P.	P.	druqa~	kzaye	and , to sink, perish, (v.l.).	droqati|druqati		97945
duh	दुह्	6	P. Ā.	P. Ā.	duha~^		or , &c. (pl. Ā. , &c.; , &c.; , &c.; impf. P. , ; , &c.; Ā. pl. , ; 3. sg. , pl	dugDe|duhe|duhate|duhrate|duhre		94848
fD	ऋध्	6		Ā.	fDa~\			fDnoti|fRadDi|AnarDa|arDitA|arDizyati		38930
fDad	ऋधद्	6			fDada~		(by Sandhi for pres. p. of cl. 6).	fDat|fD		38947
fmP	ऋम्फ्	6	P.		fmPa~	hiMsAyAm	to hurt, kill			38955.1
fYj	ऋञ्ज्	6	P. Ā.		fYja~^	karaRe	to make straight or right, make proper, arrange, fit out, decorate, ornament			38849
gumP	गुम्फ्	6	P.		gumPa~	banDane	to string together, tie or string as a garland	°Payati		65966
Guq	घुड्	6	P.		Guqa~	rakzaRe	(= √ ) cl. 6. P. , to prevent, defend, protect, and (v.l.)	Guw|°qati		69796
inv	इन्व्	6	P.		inva~		to advance upon, press upon, drive			29294
ir	इर्	6	P.	P.	ira~	gatO	to go	irati		29342
jAtavedas	जातवेदस्	6			jAtavedasa~		(), (fr. √ , cl. 6) ‘having whatever is born or created as his property’, ‘all-p	°ta-|vid|vid		78614
jur	जुर्	6	P. Ā.		jura~^	vayohAnO	to become old or decrepit, decay, perish, -	a-jurya		80005
Kad	खद्	6	P.		Kada~		to be steady or firm or solid	KAd		61228
kfp	कृप्	6	Ā.	P.	kfpa~\		to mourn, long for (acc.)	kfpayati|akfpayat|kfpayat|kfpayatas|kfpAya	voice cp=Ā. vs attested=P.	54858
Kud	खुद्	6	P.		Kuda~		to sport wantonly or amorously	canIKudat|kanIKunat|Kun		61977
kuj	कुज्	6	P.	P.	kuja~	steye	to steal, : cl. 6. P. , to be crooked	kojati|kujati		51442
kumb	कुम्ब्	6		P.	kumba~	saMvaraRe	to cover,;	kumbati|°bayati		52471
kUq	कूड्	6	P.		kUqa~	BakzaRe	to eat, graze	kfq		53916
kuz	कुष्	6		P.	kuza~		to tear asunder	kuzita|kuzati|kuzyati|°te		53477
kzup	क्षुप्	6	P.	P.	kzupa~		to be depressed or afraid	kzupati		60118
lajj	लज्ज्	6	Ā.	P. Ā.	lajja~\		to be ashamed, blush, ; &c.	lajjayati|lajjApayati|lilajjizate|lAlajjyate	voice cp=Ā. vs attested=P. Ā.	181156
luq	लुड्	6	P.	P. Ā.	luqa~	gatO	to agitate, move, stir	luqati|loqayati|-loqya|loqyate	voice cp=P. vs attested=P. Ā.	182922
majj	मज्ज्	6	P.	P. Ā.	majja~	gatO	to sink (into), (acc. or loc.), go down, go to hell, perish, become ruined, &c. 	majjayati|amamajjat|mimaNkzati|mimajjizati|mimaNkzA	voice cp=P. vs attested=P. Ā.	154347
marj	मर्ज्	6	P.	P.	marja~	Sabde	(cf. √ ) cl. 1. 6. P. , , to sound,; (v.l. for , ).	mfj|marjati|mfYjati|muj|muYj		158462
mfC	मृछ्	6	Ā.	Ā.	mfCa~\	kzaye	to pass away, perish	mfcCate		167120
mfD	मृध्	6	P. Ā.		mfDa~^	varjane	to neglect, forsake, abandon	undane		167410
mfj	मृज्	6	P. Ā.	P. Ā.	mfja~^		to wipe, rub, cleanse, polish, clean, purify, embellish, adorn (Ā. also ‘one's s	mArzwi|marjayati|°te|mArjayati|°te		167121
muz	मुष्	6	P.	P. Ā.	muza~	grahaRe	to steal, rob, plunder, carry off (also with two acc. = take away from, deprive 	mus|muzyate|°ti|amozi|mozayati	voice cp=P. vs attested=P. Ā.	165859
naj	नज्	6	Ā.	Ā.	naja~\		to be ashamed (v.l. for ,; probably invented to explain ).	najate|lajj|nagna		103126
nu	नु	6	P. Ā.	P. Ā.	nu^	Sabde	to sound, shout, exult	nUyate|nAvayati|anUnavat|nunUzati|nunAvayizati		111762
nuq	नुड्	6	P.	P.	nuqa~	hiMsAyAm	to hurt, strike, kill, ()	nuqati		111771
pF	पॄ	6	P.	P. Ā.	pF		(√ , )	pfR|pfRati|piparti|pipIpfhi|papAra	voice cp=P. vs attested=P. Ā.	128909
piC	पिछ्	6	P.	P.	piCa~	viBAge	to press flat, squeeze, expand, divide	picCati		123508
pul	पुल्	6			pula~		to be great or large or high, to be piled or heaped up			126643
qimB	डिम्भ्	6		P. Ā.	qimBa~^	kzepe	to heap together, : cl. 4. 10. 6. P. , , (v.l. ,) Ā. , to throw	qepayate|qimp°|qimB°|qipyati|qipati		81417.2
qimp	डिम्प्	6		P. Ā.	qimpa~^	kzepe	to heap together, : cl. 4. 10. 6. P. , , (v.l. ,) Ā. , to throw	qepayate|qimp°|qimB°|qipyati|qipati		81417.1
riK	रिख्	6	P.	P.	riKa~	gatO	to go, move	riKati|A-√ riK|liK		177953
rimP	रिम्फ्	6	P.	P.	rimPa~	hiMsAyAm	(cf. √ ) cl. 6. P. to hurl, kill	riP|rimPati		178117
sad	सद्	6	P.	P. Ā.	sada~		to sit down (esp. at a sacrifice), sit upon or in or at (acc. or loc.)	sadyate|asAdi|sAdi|sAdayati|°te	voice cp=P. vs attested=P. Ā.	230505
sic	सिच्	6	P. Ā.	P. Ā.	sici~^	secane	to pour out, discharge, emit, shed, infuse or pour into or on (loc.), &c. &c.	sicyate|°ti|aseci|secayati|°te	attested has nasal → i~ (idit)	244032
sil	सिल्	6	P.		sila~	uYCe	(also written ) cl. 6. P. , to glean	Sil|Silati		217253.1
stFh	स्तॄह्	6	P.	P.	stFha~	hiMsAyAm	(cf. √ ) cl. 6. P. () , to injure, do harm	tfh|stfhati		254870.1
sU	सू	6	P. Ā.	Ā.	sU^		to and also and ; pf. , ; p. , q.v.; aor.	sUyate|sozavIti	voice cp=P. Ā. vs attested=Ā.	250729
SumB	शुम्भ्	6	P. Ā.	P. Ā.	SumBa~^	dIptO	to beautify, embellish, adorn, beautify one's self. (Ā.) look beautiful or hands	yaTA|SumBate|SuBAna|SumBamAna|pra-√ SumB		219616.1
Suz	शुष्	6	P.	P.	Suza~	darSane	(cf. √ ) cl. 6. P. (1. sg. also and p. ; See ). to hiss (as a serpent)	Svas|Suzati|-Suze|-SuzARa|A-√ Suz		220027
tF	तॄ	6	P. Ā.	P.	tF^		to pass across or over, cross over (a river), sail across, &c.	tArayati|°rayat|titIrzati|titarizati|°rIz°	voice cp=P. Ā. vs attested=P.	86817
tfmp	तृम्प्	6			tfmpa~	darSane	See √ .	°pati|tfp		86769
tfmP	तृम्फ्	6			tfmPa~		(= √ ) cl. 6. , to ,, Vārtt. 1	tfp|°Pati|satisfy		86772
tOdAdika	तौदादिक	6			tOdAdika		belonging to the roots (cl. 6)	tud-Adi		87297
tuj	तुज्	6	P. Ā.	P.	tuji~^	hiMsAyAm	to strike, hit, push	tuYjati|tojati|tujayat|tutujyAt|tUtujAna	attested has nasal → i~ (idit); voice cp=P. Ā. vs attested=P.	85813
tump	तुम्प्	6			tumpa~	hiMsAyAm	to hurt	pra-stump		85943
tumP	तुम्फ्	6			tumPa~	hiMsAyAm	to hurt	pra-stump		85943.1
tur	तुर्	6	Ā.	P. Ā.	tura~\		to hurry, press forwards, (p. ), (Ā. ) : cl. 4. (Imper. )	tutorti|turayate|°rayat|tUtUrzati|tarturARa	voice cp=Ā. vs attested=P. Ā.	85972
ud	उद्	6	P. Ā.	P.	udi~^	kzaraRe	to flow or issue out, spring (as water)	Ondidat|undidizati	attested has nasal → i~ (idit); voice cp=P. Ā. vs attested=P.	32059
und	उन्द्	6	P. Ā.	P.	unda~^	kzaraRe	to flow or issue out, spring (as water)	Ondidat|undidizati|undana|ud	voice cp=P. Ā. vs attested=P.	32059.1
uNK	उङ्ख्	6	P.	P.	uNKa~	gatO	&c., to go, move	uNKati|uNKAM-cakAra		30208
uYC	उञ्छ्	6	P.	P.	uYCa~	uYCe	to gather, glean,;; &c.	uYCati		30615
vas	वस्	6	P.	P.	vasa~	dIptO	to shine, grow bright (esp. applied to the dawn)	dUre|vAsayati		188560
vraSc	व्रश्च्	6	P.	P. Ā.	vraSca~	Cedane	to cut down or off or asunder, cleave, hew, fell (a tree), &c. &c.	vfScyate|vfScate|vraScayati|avavraScat|vivraScizati	voice cp=P. vs attested=P. Ā.	210711
yu	यु	6		P. Ā.	yu^		to also cl. 9. , ; pf. , 2. sg. , , Sch.; , ; aor. (?), ; Gr.; Prec. , ; fut. , 	yOti|yUyate|ayAvi|yAvayati|ayIyavat		171694
ard	अर्द्	7		P.	ard	gatO	to move, be moved, be scattered (as dust), and cl. 1. P. (, ‘to go, move’, )	ardati|ardati|ArdIt|anarda|fRatti		16095
fD	ऋध्	7	P.	Ā.	fD			fDnoti|fRadDi|AnarDa|arDitA|arDizyati	voice cp=P. vs attested=Ā.	38930
fYj	ऋञ्ज्	7	Ā.		fYj\	karaRe	to make straight or right, make proper, arrange, fit out, decorate, ornament			38849
hiMs	हिंस्	7	P. Ā.	P. Ā.	hiMs^	hiMsAyAm	to injure, harm, wound, kill, destroy, &c. &c.	hiMsyate|ahiMsi|a-hiMsyamAna|hiMsayati|ajihiMsat		262731
tvaYc	त्वञ्च्	7			tvaYc	gatO	to go	taYc|tvanakti		89085
ud	उद्	7	P.	P.	ud	kzaraRe	to flow or issue out, spring (as water)	Ondidat|undidizati		32059
GaR	घण्	8	P. Ā.		GaR^		P. v.l. for √ .	GfR		69362
Gf	घृ	8	P. Ā.		Gf^	dIptO	to shine, burn, : cl. 5. (or cl. 8. fr. √ ) Ā. P. , or , id.,.	jiGarti|GfR|GfRoti|°Rute|GarRoti		70066
inv	इन्व्	8	P.		inv		to advance upon, press upon, drive			29294
olaRq	ओलण्ड्	8		P.	olaRq	kzepe	or , , to throw out, eject, (cf. .)	olaRqati|olaRqayati|olaRqAM-|olaRqayAm-baBUva|OlaRqIt		40721
san	सन्	8	P. Ā.	P. Ā.	san^	AsvAdane	to gain, acquire, obtain as a gift, possess, enjoy	sanyate|sAyate|sAnayati|asIzaRat|sisAnayizati		231023
vfR	वृण्	8	P. Ā.	P.	vfR^	BakzaRe	to consume, eat, ()	vfRati	voice cp=P. Ā. vs attested=P.	204339
Cid	छिद्	9	Ā.	P.	Cid\	Cedane	to cut off, amputate, cut through, hew, chop, split, pierce, ; ; &c.	Cedayati|acicCidat|cicCitsu|cecCidIti|°dyate	voice cp=Ā. vs attested=P.	75907
dam	दम्	9	Ā.	P.	dam\		to be tamed or tranquillised, (Impv. )	dAmyata|damitvA|danas|damayati|°mayat	voice cp=Ā. vs attested=P.	90246
graT	ग्रथ्	9	P.	P. Ā.	graT	banDane	to fasten, tie or string together, arrange, connect in a regular series	graTati|°te|granTati|granTate|agranTizwa	voice cp=P. vs attested=P. Ā.	68437
heQ	हेढ्	9	P.		heQ		to be born again			263989
hew	हेट्	9	P.	P.	hew		to be wicked	heWRAti|heQ|heWayati|vi-√ heW		263975.1
hf	हृ	9	Ā.		hf\		(only p. , &c.; Pot. ,, and ,), to be angry or wroth.	hfRIte|hfRAna|[aBi]-hfRITAH|ahfRAt		263654
hF	हॄ	9	Ā.		hF\		(only p. , &c.; Pot. ,, and ,), to be angry or wroth.	hfRIte|hfRAna|[aBi]-hfRITAH|ahfRAt		263654.1
hru	ह्रु	9	P.		hru	darSane	(collateral form of √ ) cl. 9. P. (See ).	hvf|hruRAti|vi-√ hru		264806
inv	इन्व्	9	P. Ā.		inv^		to advance upon, press upon, drive			29294
ji	जि	9	Ā.	P. Ā.	ji\	darSane	Pass. , , , ; for and cl. 9. See √ )	jIyate|ajIyata|ajAyi|jAyizyate|jIyate	voice cp=Ā. vs attested=P. Ā.	79180
jinana	जिनन	9			jinana		(√ cl. 9) conquering	ji		79396
jri	ज्रि	9		P.	jri	vfdDO	(= √ ) cl. 1. 10. 9. , , , to grow old, (v.l.)	jF|jrayati|jriRAti|jrAyayati		80856
jrI	ज्री	9		P.	jrI	vfdDO	to grow old, (v.l.)	jrayati|jriRAti|jrAyayati		80856.1
jU	जू	9	P.	P.	jU		to press forwards, hurry on, be quick	ajIjavat|jijavayizati|pra-		80068
knu	क्नु	9	P. Ā.		knu^	Sabde	P. , or , , to sound	knunAti|°nIte|knUnAti|°nIte		57605
kU	कू	9	P. Ā.	Ā.	kU^	gatO	to sound, make any noise, cry out, moan, cry (as a bird), coo, hum (as a bee) &c	kavate|kokUyate|kokavIti|cokUyate	voice cp=P. Ā. vs attested=Ā.	53778
kzi	क्षि	9	P. Ā.	P. Ā.	kzi^	hiMsAyAm	to destroy, corrupt, ruin, make an end of (acc.), kill, injure, ; &c.	kzIyate|kzIyante|kzezwa|kzAyi|akzezyata		59376
lpI	ल्पी	9	P.		lpI	saNGAte	to join, unite, mix with, (v.l. for √ ).	lpinAti|lyinAti|lI		184149
lvI	ल्वी	9	P.		lvI	gatO	to go, move, approach, (v.l. for √ , or ).	lvinAti|lvInAti|vlI|plI		184152
lyI	ल्यी	9	P.		lyI	saNGAte	to join, unite, mix with, (v.l. for √ ).	lpinAti|lyinAti|lI		184149.1
maT	मथ्	9	P. Ā.	P. Ā.	maT^	viloqane	to stir or whirl round, &c. &c.	agnim|araRi|araRim|Urum|hastam		155187
pf	पृ	9	P.	P. Ā.	pf	rakzaRe	to bring over or to (acc.), bring out of, deliver from (abl.), rescue, save, pro	pArayati|°te|apIparat|pAryate|pAryate	voice cp=P. vs attested=P. Ā.	128300
ri	रि	9	P.	P. Ā.	ri	gatO	to release, set free, let go	repayati|arIripat|rirIzati|°te|rerIyate	voice cp=P. vs attested=P. Ā.	178179.1
Sam	शम्	9		P. Ā.	Sam^	prayatne	to toil at, fatigue or exert one's self (esp. in performing ritual acts)	Samyate|aSami|Samayati|SAmayati|aSISamat		212911
sF	सॄ	9	P.		sF	hiMsAyAm	(cf. √ , ) cl. 9. P. , to hurt injure, kill, (v.l.)	SF|svF|sfRAti		252038
si	सि	9	P. Ā.	P. Ā.	si^	banDane	to bind, tie, fetter	sAyayati|asIzayat|sisIzati|°te|sezIyate		243722
skaB	स्कभ्	9	P.	P.	skaB		to also cl. 1. Ā. ; pr. p. , ; , ; pf. , 2. du. , ; p. , ; aor. Gr.; fut. , , ; 	skamBayati|acaskamBat|skamBita|skaBAyati|skaBita		254241.1
skamB	स्कम्भ्	9	P.	P.	skamB		to also cl. 1. Ā. ; pr. p. , ; , ; pf. , 2. du. , ; p. , ; aor. Gr.; fut. , , ; 	skamBayati|acaskamBat|skamBita|skaBAyati|skaBita		254241
skumB	स्कुम्भ्	9	P.		skumB	grahaRe	(in native lists written ; connected with √ ) cl. 5. 9. P. (;) , ( ind.p.]), to 	skunB|skamB|skuBnoti|skuBnoti|skuptvA		254260
spF	स्पॄ	9	P.		spF	hiMsAyAm	(v.l. for √ ) cl. 9. P. , to hurt, kill	SF|spfRAti		256737
SraT	श्रथ्	9	P. Ā.	P.	SraT^		to also , , , ; pf. or Gr.; 3. sg. , ; 3. pl. or Gr.; aor. , , ; fut. , ; inf. o	graT|granT|SraTayati|°te|SraTAyati	voice cp=P. Ā. vs attested=P.	222382
staB	स्तभ्	9	P.	P. Ā.	staB	DAraRe	to fix firmly, support, sustain, prop (esp. the heavens)	staByate|astamBi|staBAyati|stamBayati|°te	voice cp=P. vs attested=P. Ā.	254463.1
stamB	स्तम्भ्	9	P.	P. Ā.	stamB	DAraRe	to fix firmly, support, sustain, prop (esp. the heavens)	staByate|astamBi|staBAyati|stamBayati|°te	voice cp=P. vs attested=P. Ā.	254463
stf	स्तृ	9	P. Ā.	P. Ā.	stf^		to spread, spread out or about, strew, scatter (esp. the sacrificial grass; in t	stIryate|°ti|striyate|staryate|astAri		254842
stumB	स्तुम्भ्	9	P.		stumB	stamBe	(cf. √ and ; in native lists written ) cl. 5. 9. P. , , to stop, stupefy; expel 	stamB|stuB|stunB|stuBnoti|stuBnAti		254821
uB	उभ्	9	P.	P.	uB	saMvaraRe	(impf. 2. sg. ) to hurt, kill, : cl. 6. P. , , , , , to cover over, fill with,, 	uBnAti|uBnAs|uBati|umBati|umBAM-cakAra		37051
uDras	उध्रस्	9	P.		uDras	uYCe	or or , , to gather, glean,;	uDrasnAti|uDrasAM-baBUva|-cakAra|-Asa|ODrAsIt		33764
uz	उष्	9	P.	Ā.	uz	dAhe	to burn, burn down (active)	uzyate|ozAM-cakre	voice cp=P. vs attested=Ā.	37688
aG	अघ्	10	P.	P.	aGa~	gatO	to go wrong, sin	aGayati		1348
aMh	अंह्	10	P.	P.	aMha~	gatO	to go, set out, commence	aMhayati		107
aMS	अंश्	10	P. Ā.	P. Ā.	aMSa~^	viBAge	to divide, distribute,; also occasionally Ā. ,; also	aMSayati|aMSayate|aMSApayati		9
aNK	अङ्ख्	10	P.		aNKa~	viloqane	(p. ), to stir up, mix	aNKayat		1491
aww	अट्ट्	10	P.	P.	awwa~		to exceed	awwayati		2358
BaRq	भण्ड्	10	P.	P.	BaRqa~		to reprove	BaRqati|°qayati|kalyARe|Sive|Band		148198
BaRw	भण्ट्	10	P.	P.	BaRwa~		to deceive,;	BaRwayati		148195
Baw	भट्	10	P.	P.	Bawa~	DAraRe	to hire, nourish, maintain	Bawayati|-BAwayati		148086
BaYj	भञ्ज्	10	P.	P.	BaYja~	BAzAyAm	(√ , cl. 10. P. ), ‘to speak’ or ‘to shine’,.	BaYj|BaYjayati		148084.1
bfMh	बृंह्	10	P.		bfMha~	Sabde	to roar, bellow, trumpet (said of an elephant), ; &c.			146435.1
BfMS	भृंश्	10	P.	P.	BfMSa~	BAzAyAm	to speak or to shine	BfMSati|°Sayati		152547
BI	भी	10	P. Ā.	P. Ā.	BI^	Baye	to fear, be afraid of (abl. or gen., rarely instr. or acc.), &c. &c.	BIyate|aBAyi|BIzayate|BIzayati|Biz°		150969
bunD	बुन्ध्	10	P.	P.	bunDa~	banDane	to bind, (cf. ).	bunDayati|bund		145974
buw	बुट्	10	P.	P.	buwa~	hiMsAyAm	to hurt, kill, ()	bowati|bowayati		145555
Cal	छल्	10	P.		Cala~		to deceive, cheat, delude, outwit, , ; ; ; and			75712
camp	चम्प्	10			campa~		(cf. √ , ) cl. 10. v.l. for √	kamp|capala|°payati|Camp		72122
Camp	छम्प्	10			Campa~	gatO	to go			75700
Cand	छन्द्	10		P.	Canda~		to seem, appear, be considered as	Candayati|vareRa		75556.1
caRq	चण्ड्	10	Ā.		caRqa~\		(derived fr. ) cl. 1. 10. Ā. , , to be angry or wrathful	caRqa|°Rqate|°Rqayate		70904
carv	चर्व्	10			carva~		to grind with the teeth, masticate, chew, ; ; ; , Sch. on &			72562
cft	चृत्	10		P.	cfta~	banDane	to tie	cartati|Cfd|cartayati|cicftsati|°cartizati		74888
cIb	चीब्	10		P.	cIba~	darSane	See √ .	cIv|cIvara|cIvayati		74452
cikk	चिक्क्	10	P.		cikka~		= √	cakk		73413
cint	चिन्त्	10			cinta~	cintAyAm	to think, have a thought or idea, reflect, consider, ; &c.	prati		74105
cumb	चुम्ब्	10			cumba~	hiMsAyAm	to hurt			74626
cUr	चूर्	10			cUra~	dAhe	to burn	°rayati|cur		74798
cUR	चूण्	10			cURa~		to contract, shrink	°Rayati		74789
cuRq	चुण्ड्	10		P.	cuRqa~	Cedane	(and , ), cl. 6. 10. (), (, ), to split, cut off, : cl. 1. (, ), to become small	cuRw|cuRq|cuwati|cuRw°|cowayati		74558.02
cuRw	चुण्ट्	10		P.	cuRwa~	Cedane	(and , ), cl. 6. 10. (), (, ), to split, cut off, : cl. 1. (, ), to become small	cuRw|cuRq|cuwati|cuRw°|cowayati		74558.01
cuRW	चुण्ठ्	10			cuRWa~	hiMsAyAm	to hurt	Wayati		74567
daMh	दंह्	10			daMha~	dIptO	to shine, burn	°hayati		89310
daMs	दंस्	10	P. Ā.		daMsa~^		and cl. 10. Ā. (fr. Prākṛt daṃse) to show, 2 f.			89230.1
daMs	दंस्	10	Ā.		daMsa~\	Bedane	to destroy (?)	daMS		89296
daMS	दंश्	10	P. Ā.		daMSa~^		and cl. 10. Ā. (fr. Prākṛt daṃse) to show, 2 f.			89230
dAn	दान्	10	P. Ā.	P.	dAna~^	Cedane	to cut off	dIdAMsati|°te	voice cp=P. Ā. vs attested=P.	91610
dimB	दिम्भ्	10	P. Ā.	Ā.	dimBa~^		id. P. , to order, direct id.	dimBayate|°ti	voice cp=P. Ā. vs attested=Ā.	92219
dimp	दिम्प्	10	Ā.	Ā.	dimpa~\		to accumulate, in	dimpayate		92218
gah	गह्	10	P.	P.	gaha~		(cf. and √ ) cl. 10. P. , to enter deeply into (acc.), (cf. √ .)	gaBa|gAh|gahayati|jaMh		64460
gaq	गड्	10	P.	P.	gaqa~	saMvaraRe	to distil or drop, run as a liquid, : cl. 10. P. , to cover, hide,.	°qati|gaqayati		62478
Gar	घर्	10	P.		Gara~	darSane	See √ , Caus.	Gf		69592
GaRw	घण्ट्	10	P.		GaRwa~	BAzAyAm	and , ‘to speak’ or ‘to shine’	°wati|°wayati		69363
gF	गॄ	10	Ā.		gF\	jYAne	to know			66810
Gol	घोल्	10	P.		Gola~	viloqane	(in Prākṛt for Caus. of √ = ) cl. 10. P. , to mix, stir together into a semi-flu	GuR|GUrR|°layati		70217
gUrd	गूर्द्	10		P.	gUrda~		to play, sport, jump	gurdayati|gUrd°|gurd|°dati		66184.1
gUrD	गूर्ध्	10	P.		gUrDa~	stutO	() to praise	°Dayati		66407
guRq	गुण्ड्	10			guRqa~	saMvaraRe	to cover, conceal, protect			65827
guRW	गुण्ठ्	10	P.		guRWa~	saMvaraRe	(cf. √ , ) cl. 10. P. , to enclose or envelop, surround, cover, (v.l.) (cf. .)	guRq|guD|°Wayati|ava-		65822
hiMs	हिंस्	10	P.	P. Ā.	hiMsa~	hiMsAyAm	to injure, harm, wound, kill, destroy, &c. &c.	hiMsyate|ahiMsi|a-hiMsyamAna|hiMsayati|ajihiMsat	voice cp=P. vs attested=P. Ā.	262731
jaMs	जंस्	10			jaMsa~	rakzaRe	to protect			76176
jan	जन्	10	P. Ā.	P. Ā.	jana~^		to generate, beget, produce, create, cause, ; &c.	jAyate|°ti|ajAyata|jayamAna|janizyate		76735
jrI	ज्री	10		P.	jrI	vfdDO	to grow old, (v.l.)	jrayati|jriRAti|jrAyayati		80856.1
jul	जुल्	10		P.	jula~		to grind	jolayati		80015
juYc	जुञ्च्	10	P.		juYca~	BAzAyAm	to speak			79993
Kac	खच्	10	P.	P.	Kaca~	gatO	to come forth, project (as teeth)	KacYAti|Kacayati		60863
kaRq	कण्ड्	10	P.	P.	kaRqa~	viBAge	P. , , to be glad or wanton: cl. 10. P. , to separate (the chaff from the grain)	kaRqati|-te|kaRqayati|kaq		42560
KaRq	खण्ड्	10	P.		KaRqa~	Cedane	to break, divide, destroy, : cl. 10. P. , to break, tear, break into pieces, cru	KaRqita		61072
kartr	कर्त्र्	10	P.	P.	kartra~		to unloose, remove, (perhaps connected with √ ).	kartrayati|kft		45145
kaRW	कण्ठ्	10	P.		kaRWa~		to mourn	ut-kaRWa		42456
kav	कव्	10	P. Ā.	P.	kava~^		to describe (as a poet)	kAvayati|°te	voice cp=P. Ā. vs attested=P.	46409
kaww	कट्ट्	10	P.	P.	kawwa~	saMvaraRe	to heap, cover with earth	kawwayati		42169
kF	कॄ	10	Ā.		kF\	jYAne	to know			55569
kIrt	कीर्त्	10	P. Ā.	P.	kIrta~^	karaRe	(rarely Ā. ) aor. or (,), to mention, make mention of, tell, name, call, recite,	kIrtayati|°yate|acikIrtat|acIkftat	voice cp=P. Ā. vs attested=P.	50788
kizk	किष्क्	10	Ā.		kizka~\	hiMsAyAm	to injure, kill	°zkayate		50650
klIb	क्लीब्	10	Ā.	Ā.	klIba~\		to be impotent, behave like a eunuch	klIbayate		58650
knaMs	क्नंस्	10	P.		knaMsa~		(cf. √ , , , .)	°sati|°sayati|kuMS|kuMs|knas		57601
Koq	खोड्	10	P.		Koqa~		= √ , q.v., : cl. 10. P. = √ , q.v.	°qati|Kor|kzow		62089
kruq	क्रुड्	10	P.	P.	kruqa~		to sink, dive	kraqana|kUq|krUq|krUq|krUdayati		58229
kumb	कुम्ब्	10	P.	P.	kumba~	saMvaraRe	to cover,;	kumbati|°bayati		52471
kuMs	कुंस्	10	P.	P.	kuMsa~	BAzAyAm	or cl. 10. P. , or , , ‘to speak’ or ‘to shine’, and	kuMSati|°Sayati|kuMsati|°sayati|kuMS		51270.1
kuMS	कुंश्	10	P.	P.	kuMSa~	BAzAyAm	or cl. 10. P. , or , , ‘to speak’ or ‘to shine’, and	kuMSati|°Sayati|kuMsati|°sayati		51270
kundr	कुन्द्र्	10	P.	P.	kundra~		to tell a lie, (cf. √ and √ .)	kundrayati|kud|gundr		52180
kUp	कूप्	10	P.	P.	kUpa~		to be weak, weaken	kUpayati		53936
kUq	कूड्	10	P.		kUqa~	dAhe	to burn, scorch	akUlayat		53917
kuRq	कुण्ड्	10		P. Ā.	kuRqa~^	dAhe	to mutilate, : cl. 1. Ā. , to burn, : cl. 10. , to protect	kuRqati|kuRqate|kuRqayati		51842
KuRq	खुण्ड्	10	P.	P.	KuRqa~	Bedane	to break in pieces	KuRqayati|Koqayati|kzodayati|kzudra		61976
kuRW	कुण्ठ्	10		P.	kuRWa~		to be lame or mutilated or blunted or dulled	kuRWayati|guRW|avakuRWana		51824
kzamp	क्षम्प्	10	P.		kzampa~	DAraRe	to suffer, bear			59133
kzaYj	क्षञ्ज्	10	P.	P.	kzaYja~	gatO	to go, approach	kzaYjayati		58737.1
laNG	लङ्घ्	10	P.	P. Ā.	laNGa~	gatO	to leap over, go beyond (Ā.)	laNGayati|°te|laNGyate|lilaNGayizati	voice cp=P. vs attested=P. Ā.	181121
lAq	लाड्	10	P.	P.	lAqa~	kzepe	(cf. √ ) cl. 10. P. , to throw, (v.l.)	laq|lAqayati		182220
lard	लर्द्	10	P.	P.	larda~		to load, (cf. Hindī lāḍ).	lardayati		181585
laRq	लण्ड्	10	P.		laRqa~	kzepe	to throw or toss up			181246
laS	लश्	10	P.	P.	laSa~		to exercise an art, (v.l. for ).	lASayati|las		181980
laYj	लञ्ज्	10	P.	P.	laYja~		to be strong	laYjApayati		181193
laz	लष्	10	P.	P. Ā.	laza~		to wish, desire, long for (acc.), ; &c. (mostly with prep. )	aBi|lAzayati|alIlazat|las|lilazizati	voice cp=P. vs attested=P. Ā.	181985
liNg	लिङ्ग्	10	P.	P.	liNga~	gatO	to go	liNgayati|citrI-karaRe		182476
lumb	लुम्ब्	10	P.	P.	lumba~		to torment, harass	lumbayati|adarSane|ardane		183054
luW	लुठ्	10	P.	P. Ā.	luWa~	hiMsAyAm	to strike, knock down, to roll, wallow, (See √ 2. )	loWate|luluWe|aluWat|aloWizwa|loWayati	voice cp=P. vs attested=P. Ā.	182907
mal	मल्	10	P.		mala~	grahaRe	to hold, possess			158634
maMh	मंह्	10		P. Ā.	maMha~^	dAne	to give, grant, bestow (with , ‘as a present’)	maMhayati|mAmahe|mah		153892
mantr	मन्त्र्	10	P. Ā.		mantra~^	BAzAyAm	to speak, talk, say	saha		157539
maRw	मण्ट्	10	P.	P.	maRwa~	karaRe	to act as an intermediator, (Sch.)	maRwayati		154846
maYj	मञ्ज्	10	P.		maYja~		to account for the following words of more or less uncertain origin; cf. √ , ) c			154426
mfc	मृच्	10	P.	P.	mfca~	hiMsAyAm	(cf. √ ) cl. 10. P. (cl. 4. P.; Prec. ), to hurt, injure, annoy,;;	marc|marcayati|mfcyati|mfkzIzwa		167114
mfkz	मृक्ष्	10		P.	mfkza~		weak form of √ .	mrakz|mrakzayati|mfkzayati		166787
mfq	मृड्	10		P. Ā.	mfqa~^		(?), (pf. Gr.; , ; Gr.; fut. , , ; inf. , ; ind.p. , )	mfRqayati|mamarqa|mamfqyuH|amarqIt|marqitA		167161
mind	मिन्द्	10	P.	P.	minda~	vfdDO	to grow fat	mindayati|medayati|mitra		164438.1
miYj	मिञ्ज्	10	P.	P.	miYja~	BAzAyAm	to speak or to shine	miYjayati		164102
mlakz	म्लक्ष्	10	P.	P.	mlakza~	Cedane	to cut, divide, (v.l.)	mlakzayati		168898
muj	मुज्	10	P.	P.	muja~	Sabde	to give out a partic. sound	mojayati|muYjayati		165301
muYj	मुञ्ज्	10	P.	P.	muYja~	Sabde	to give out a partic. sound	mojayati|muYjayati|muj		165301.1
naq	नड्	10	P.	P.	naqa~	patane	to fall, in (cf. √ ).	nAqayati|naw		103226
oj	ओज्	10	P.		oja~		to be strong or able			40621
olaRq	ओलण्ड्	10	P.	P.	olaRqa~	kzepe	or , , to throw out, eject, (cf. .)	olaRqati|olaRqayati|olaRqAM-|olaRqayAm-baBUva|OlaRqIt		40721
paMs	पंस्	10	P.	P.	paMsa~	Bedane	or , or , to destroy,Add	paMSati|°sati|paMSayati|°sayati		113051.1
paMS	पंश्	10	P.	P.	paMSa~	Bedane	or , or , to destroy,Add	paMSati|°sati|paMSayati|°sayati		113051
panT	पन्थ्	10	P.	P.	panTa~	gatO	or , to go, move, (cf. √ ).	panTati|°Tayati|paT		115861
paRq	पण्ड्	10	P.	P.	paRqa~	gatO	to serve as the root of the words below) cl. 1. Ā. , to go, move	paRqayati|piRq|paRqati|°qayati|paMs		114650
pel	पेल्	10	P.	P.	pela~	gatO	(), (), to go.	pelati|pelayati		128979
piMs	पिंस्	10			piMsa~	BAzAyAm	to speak			123451
piRq	पिण्ड्	10	P.		piRqa~	saNGAte	to roll into a lump or ball, put together, join, unite, gather, assemble			123762
piYj	पिञ्ज्	10	P.	P.	piYja~		to tinge, dye, paint	pfc|piYjayati		123559
pruz	प्रुष्	10	P. Ā.	P.	pruza~^	secane	to sprinkle, shower, wet, moisten	pruzAyati|°te|pruzRAti|pruzRat|pruzyati	voice cp=P. Ā. vs attested=P.	140871
pUR	पूण्	10	P.		pURa~		to collect or heap together, (v.l.)	puR|pUl		127430
purv	पुर्व्	10		P.	purva~	pUraRe	to fill	pUrvayati		126641
puRw	पुण्ट्	10	P.	P.	puRwa~	BAzAyAm	to speak or to shine	puRwayati		125253
pus	पुस्	10	P.	P.	pusa~		to discharge, emit	posayati		127294
pyuz	प्युष्	10	P.	P.	pyuza~		v.l. for	pyuzyati|pyozayati|vyuz		129741
qamb	डम्ब्	10			qamba~	kzepe	to push, throw, ()	vi-		81348
qamB	डम्भ्	10	Ā.		qamBa~\		v.l. for √ .	qap		81357
qamp	डम्प्	10	Ā.		qampa~\		v.l. for √ .	qap		81347
qimB	डिम्भ्	10	P. Ā.	P. Ā.	qimBa~^	kzepe	to heap together, : cl. 4. 10. 6. P. , , (v.l. ,) Ā. , to throw	qepayate|qimp°|qimB°|qipyati|qipati		81417.2
qimp	डिम्प्	10	P. Ā.	P. Ā.	qimpa~^	kzepe	to heap together, : cl. 4. 10. 6. P. , , (v.l. ,) Ā. , to throw	qepayate|qimp°|qimB°|qipyati|qipati		81417.1
raMh	रंह्	10	P.	P. Ā.	raMha~		cf. √ and , cl. 1. P. () ( also Ā. , ; pf. , ; fut. , ; aor. Gr.)	laNG|raGu|laGu|raMhati|raMhate	voice cp=P. vs attested=P. Ā.	173028
raNG	रङ्घ्	10			raNGa~		to hasten, run			173263
raR	रण्	10	P.	P.	raRa~	gatO	to go,;	raRayati		174208
ruMS	रुंश्	10	P.	P.	ruMSa~	BAzAyAm	to speak	ruMSati|ruMSayati		178234
rUz	रूष्	10	P.	P.	rUza~		to adorn, decorate	rUzita|rUzayati|visPuraRe		179276
sah	सह्	10		P. Ā.	saha~^		to prevail, be victorious	kalam|kala-kzepam|sAhayati|asIzahat|sisAhayizati		239967
Sal	शल्	10	Ā.	P. Ā.	Sala~\	gatO	to go, move, (only found in comp. with prep. cf. , , )	Salati|uc-Cal|proc-Cal|sam-uc-Cal|SAlayate	voice cp=Ā. vs attested=P. Ā.	214062
SAl	शाल्	10	Ā.	Ā.	SAla~\	dIptO	to shine, be distinguished for or endowed with (instr.), ; , Sch.	SAlate|SAlayate		215926
sam	सम्	10	P.	P.	sama~		to be disturbed	samayati|stamayati		232986
sAmaya	सामय	10	P.	P.	sAmaya	darSane	(Nom. fr. or fr. artificial √ ; for See col. 3) cl. 10. P. (aor. or ), to concil	sAman|sAm|sAmaya|sAmayati|asasAmat		242233
Samb	शम्ब्	10	P.	P.	Samba~	gatO	to go, ()	Sambayati		213262
SaR	शण्	10	P.		SaRa~	dAne	to give			211769
saw	सट्	10		P.	sawa~		to be a part of	sAwayati|sAw		229447
saW	सठ्	10	P.	P.	saWa~		= √ , ()	sAWayati|SaW		229472
sAw	साट्	10	P.	P.	sAwa~	karaRe	to make visible or manifest	sAwayati		241357
Saw	शट्	10	Ā.	Ā.	Sawa~\		to be sick	SAwayate|SaW		211726
saww	सट्ट्	10	P.		sawwa~	hiMsAyAm	to hurt	dAne|AdAne		229463
sf	सृ	10	P. Ā.	P. Ā.	sf^		to also ), and	uccakEs|vAjam|Ajim|sriyate|asAri		251838
SiYj	शिञ्ज्	10	Ā.	Ā.	SiYja~\	BAzAyAm	() (accord. to also cl. 1. 10. Ā. , ; pr. p. , or; pf. Gr.; aor. ,; fut. , ,), t	SiNkte|SiYjate|SiYjayate|SiYjAna|SiYjat		216845
skanD	स्कन्ध्	10	P.	P.	skanDa~		(sometimes written ) cl. 10. P. , to collect	skand|skanDayati		254159
snih	स्निह्	10	P.	P. Ā.	sniha~		to be adhesive or sticky or glutinous or viscid or moist	snehati|snihyate|asnehi|snehayati|asizRihat	voice cp=P. vs attested=P. Ā.	256298
sniw	स्निट्	10	P.		sniwa~	gatO	to go	snih		256297
sPaRq	स्फण्ड्	10	P.	P.	sPaRqa~	hasane	(v.l. ) cl. 10. P. , to jest or joke with, laugh at	sPaRw|sPaRqayati		256785
sPaw	स्फट्	10	P.		sPawa~		to burst, expand &c.			256740
sPuRq	स्फुण्ड्	10	P.	P.	sPuRqa~		to open, expand	sPuRqayati		256964
sPuRw	स्फुण्ट्	10	P.	P.	sPuRwa~		to open, expand	sPuRwayati		256963
sPuww	स्फुट्ट्	10	P.	P.	sPuwwa~	anAdare	to despise, disrespect, ()	sPuwwayati		256961
stam	स्तम्	10	P.	P.	stama~		to be disturbed	samayati|stamayati		232986.1
step	स्तेप्	10	P.	P.	stepa~	kzaraRe	to flow	stepayati		254882
stUp	स्तूप्	10	P.	P.	stUpa~		(prob. invented as a root for below) cl. 4. 10. P. , or , to heap up, pile, erec	stUpa|stUpyati|stUpayati		254826
sUd	सूद्	10		P. Ā.	sUda~^		to put or keep in order, guide aright	sUdayati|°te|sUdayAna|asUzudat|°ta		251301
Sulv	शुल्व्	10	P.		Sulva~		to mete out			219883.1
SuRW	शुण्ठ्	10	P.	P.	SuRWa~		to limp, be lame	SozaRe|SuRWayati|SozaRe		219320
SvaRW	श्वण्ठ्	10	P.	P.	SvaRWa~		() = √ , q.v.	SvAWayati|SvaRWayati|SaW		224193.1
taMs	तंस्	10		P.	taMsa~	gatO	to decorate, ; Ā. to decorate one's self, ; pf. ) ‘to move’, pour out (fig. a wi	taMsayati|ataMsayat|tantasyati|vi-√ taMs|kaRqv-Adi		81566
traMs	त्रंस्	10			traMsa~	BAzAyAm	‘to speak’ or ‘to shine’	°sati|°sayati		87411
tUl	तूल्	10			tUla~	darSane	See also	tUR|anu-tUlaya		86445
tumb	तुम्ब्	10			tumba~	ardane	to distress,: cl. 10. , ‘id.’, or ‘to be invisible’,.	°bati|°bayati		85944
vaj	वज्	10	P.	P.	vaja~	gatO	to go	vAjayati|mArga-|mArgaRa-saMskAre|vaj|uj		184793
valh	वल्ह्	10	P.	P.	valha~		to be excellent	dAna|CAdana|valhayati|BAzArTe|BAsArTe		188380
varh	वर्ह्	10	P.		varha~	BAzAyAm	to speak	dAna|CAdana|barh		142966.1
vaRq	वण्ड्	10	P.	P.	vaRqa~	viBAge	to partition, share, divide	vezwane|viBAjane|vaRqayati		185370
vaRw	वण्ट्	10	P.	Ā.	vaRwa~	viBAge	to some also ), to partition, apportion, share, divide	vaRwyate|vaRwyamAna	voice cp=P. vs attested=Ā.	185343
vast	वस्त्	10	Ā.		vasta~\	hiMsAyAm	to waste, hurt			189206
vekz	वेक्ष्	10	P.	P.	vekza~	darSane	(prob. for , q.v.) cl. 10. P. , to see, (v.l. ).	avekz|vekzayati|vlekz		205298
vIj	वीज्	10		P. Ā.	vIja~^		to fan, cool by blowing upon or fanning	vIjayati|vIjyate		203453
vrIq	व्रीड्	10	P.	P.	vrIqa~		to also cl. 4. P. ; pf. Gr.; aor. , ; fut. , , )	vrIqayati|vIqayati|vIq		210765
vrUs	व्रूस्	10	P.	P.	vrUsa~	hiMsAyAm	(also written , or ; v.l. ) cl. 1. 10. P. , , to hurt, kill	vrUz|brUs|vrIs|vrUsati|vrUsayati		210819
vuRw	वुण्ट्	10	P.	P.	vuRwa~	hiMsAyAm	(= √ ) cl. 10. P. , ‘to hurt, kill’, or ‘to perish’	viRw|vuRwayati		203972
vyuz	व्युष्	10	P.	P.	vyuza~	dAhe	to burn (in this sense perhaps = )	pyus|puz|byus|bus|vyozayati		210272
waNk	टङ्क्	10			waNka~	saMvaraRe	(derived from , ‘seal’), cl. 10. , to (seal up, i.e. to) shut, cover	°ka|°kayati		81181
wip	टिप्	10	P.	P.	wipa~	darSane	See √ .	wepayati|qip		81258
yantr	यन्त्र्	10	P.		yantra~	banDane	to restrain, curb, bind ()			170247
